Reference,Fleet,Vehicle,Fuel,Typ,Odo,Dist.Run,MPG
533KTT          ,84600,GULLY TANK,5638.33,D,31138,10504K,5.26
AY61ESG         ,AY61ESG  ,SMALL VAN ,1369.43,D,19779,14099M,46.8
AY61ESN         ,AY61ESN  ,SMALL VAN ,232.09,D,33656,2002M,39.21
BF15MOV         ,BF15MOV  ,MED VAN   ,2023.68,D,26273,12361M,27.76
BF65XVV         ,BF65XVV  ,MED TIPPER,782.43,D,16114,3305M*,20.94
BF65YZA         ,BF65YZA  ,MED TIPPER,544.11,D,16261,2244M*,20.08
BF65ZCN         ,BF65ZCN  ,MED TIPPER,680.79,D,10026,2727M*,20.13
BF65ZGZ         ,BF65ZGZ  ,MED TIPPER,1341.43,D,5201,3406M,11.54
BG60KXK         ,BG60KXK  ,MED TIPPER,2145.66,D,77124,10997M,23.3
BN13JXL         ,BN13JXL  ,MED TIPPER,256.74,D,45276,1171M,20.73
BN13JYO         ,BN13JYO  ,MED TIPPER,1018.18,D,56712,3834M*,18.13
BT64KJK         ,BT64KJK  ,SMALL VAN ,214.49,D,25743,1306M*,37.32
BU14EYS         ,BU14EYS  ,SMALL VAN ,234.6,D,30942,2063M,39.97
BX07ZPK         ,3326,LIBRARY BU,2133.56,D,60347,7616M,16.23
BX64BCE         ,BX64BCE  ,MED VAN   ,1909.2,D,50770,10351M*,25.46
BX64BFL         ,BX64BFL  ,LARGE VAN ,2096.4,D,35019,10741M,23.29
CE65FZW         ,CE65FZW  ,SMALL VAN ,930.21,D,26127,8184M*,41.65
CITY CNT MASTER ,CITY CNT ,MASTER    ,5872.6,D,PLANT,KEY,
CK13DKU         ,CK13DKU  ,SMALL VAN ,426.99,D,43070,3670M*,41.1
CK65XZA         ,CK65XZA  ,SMALL VAN ,92.64,D,10084,509M*,38.34
CN15MXW         ,CN15MXW  ,SMALL VAN ,2269,D,32256,16802M,33.66
CN15MXX         ,CN15MXX  ,SMALL VAN ,1164.77,D,17617,8898M,34.72
CN15MXY         ,CN15MXY  ,SMALL VAN ,129.98,D,10327,1199M,41.93
CN15MXZ         ,CN15MXZ  ,SMALL VAN ,109.59,D,10899,953M,39.53
CN15MYA         ,CN15MYA  ,SMALL VAN ,88.05,D,7977,799M,41.25
CN15MYB         ,CN15MYB  ,SMALL VAN ,190.79,D,11042,1742M,41.5
CN15MYC         ,CN15MYC  ,SMALL VAN ,149.34,D,15290,1138M,34.64
CN15MYD         ,CN15MYD  ,SMALL VAN ,273.61,D,10470,2152M,35.75
CN15MYF         ,CN15MYF  ,SMALL VAN ,138.96,D,11534,1129M,36.93
CN15MYG         ,CN15MYG  ,SMALL VAN ,172.14,D,13815,1449M,38.26
CN15MYH         ,CN15MYH  ,SMALL VAN ,1209.43,D,21300,10054M,37.79
CN15MYJ         ,CN15MYJ  ,SMALL VAN ,111.08,D,10725,1043M,42.68
CN15MYK         ,CN15MYK  ,SMALL VAN ,164.55,D,6559,1421M,39.25
CN65BCF         ,CN65BCF  ,MED TIPPER,775.67,D,9192,2551M*,17.34
CN65BCK         ,CN65BCK  ,MED TIPPER,1497.05,D,12299,9356M*,29.7
CN65BCV         ,CN65BCV  ,MED TIPPER,315.12,D,9176,1144M*,20.79
CN65CKK         ,CN65CKK  ,MED TIPPER,3350.39,D,19455,16437M*,22.7
CN66ENC         ,CN66ENC  ,MED TIPPER,445.77,D,3220,2764M*,32.21
CN66ENE         ,CN66ENE  ,MED TIPPER,260.24,D,1781,1428M*,29.48
CN66ENH         ,CN66ENH  ,MED TIPPER,317.16,D,2549,2048M*,29.36
CX15HFH         ,CX15HFH  ,MINIBUS   ,1616.05,D,23232,12391M*,35.26
DF66EWW         ,DF66EWW  ,SMALL VAN ,185.67,D,2535,1314M*,37.79
DF66EXE         ,DF66EXE  ,SMALL VAN ,136.01,D,2128,777M*,37.79
DG13ZFJ         ,DG13ZFJ  ,CAR       ,1132.37,D,46903,10053M*,42.11
DG16PXZ         ,DG16PXZ  ,MED TIPPER,561.43,D,6725,4900M*,43.75
DK08KKU         ,78023,2 AXLE BIN,3117.01,D,163372,8539K,7.74
DOC MNGT MASTER ,DOC MAST ,MASTER    ,1119.14,D,13603,ERROR,
DX13GYT         ,DX13GYT  ,TRACTOR   ,2352.67,D,1781,300H,0.13
E015JCZ         ,E015JCZ  ,SMALL VAN ,785.77,D,11860,6612M,38.25
EA15KWT         ,EA15KWT  ,MED TIPPER,942.44,D,8046,4555M,21.97
EA15KWX         ,EA15KWX  ,MED TIPPER,1073.44,D,8851,5384M,22.8
EA64TWW         ,EA64TWW  ,MED VAN   ,1018.21,D,33153,8140M,36.34
EK65HSN         ,EK65HSN  ,MED VAN   ,260,D,23067,979M*,22.82
EK65HTV         ,EK65HTV  ,MED VAN   ,1067.14,D,14535,7203M,30.68
ENEH MASTER     ,ENEH MAS ,MASTER    ,25312.21,D,PLANT,KEY,
EO15VDR         ,EO15VDR  ,SMALL VAN ,848.34,D,10800,6084M,32.6
FL14RKN         ,FL14RKN  ,CAR       ,75.92,D,53316,489M*,65.43
FL65EFY         ,1100,SMALL VAN ,597.47,D,7186,5352M,40.72
FL65FBA         ,12,CAR       ,120.45,D,1409,1104M*,51.31
FM65XYT         ,FM65XYT  ,CAR       ,255.65,D,16399,1869M*,37.6
FN62HTP         ,FN62HTP  ,MED TIPPER,905.62,D,51162,6034M,30.29
FN62HTU         ,FN62HTU  ,MED TIPPER,1619.6,D,76369,7702M,21.62
GN15BYT         ,GN15BYT  ,MINIBUS   ,249.95,D,2845,1540M,28.01
GN56NHB         ,78043,MINIBUS   ,534.55,D,18933,2124M,18.06
GN58AFK         ,GN58AFK  ,MINIBUS   ,498.24,D,12655,2160M,19.71
GN58OZC         ,GN58OZC  ,MINIBUS   ,322,D,17884,1042M,14.71
GN60HYX         ,78070,MINIBUS   ,815.61,D,21024,3943M,21.97
GX63HLW         ,GX63HLW  ,MINIBUS   ,323.05,D,6094,1543M*,27.18
H/W SEAC        ,HWSMAST  ,MASTER    ,8751.13,D,PLANT,KEY,
HENSHAW MASTER  ,HWHMAST  ,MASTER    ,4037.72,D,PLANT,KEY,
HG12KJV         ,HG12KJV  ,MED TIPPER,1072.26,D,36456,6030M*,27.16
HG12KJX         ,HG12KJX  ,MED TIPPER,423.92,D,55571,2148M,23.03
HG12KKE         ,HG12KKE  ,MED TIPPER,1365,D,62087,9047M,30.13
HG12KKF         ,HG12KKF  ,MED TIPPER,570.33,D,58246,2284M*,20.22
HIRED           ,LIBMAST  ,MASTER    ,66.74,D,PLANT,KEY,
HJ12URD         ,78092,MED TIPPER,960.42,D,135533,4603M*,22.69
HW SEACROFT MAST,HWSMAST1 ,MASTER    ,1459.83,D,PLANT,KEY,
KE53ENK         ,3305,LIBRARY BU,2047.34,D,67777,7848K,10.83
KP56AHG         ,KP65AHG  ,MED VAN   ,1868.82,D,26676,10792M*,27.14
KR12LHT         ,KR12LHT  ,MED TIPPER,373.53,D,40302,1662M*,24.37
KR12LLT         ,KR12LLT  ,MED TIPPER,2553.88,D,65799,12306M,21.9
KR12LOD         ,KR12LOD  ,MED TIPPER,3305.11,D,76041,18925M,26.03
KX13JMU         ,KX13JMU  ,LUTON     ,162.47,D,138947,872M,24.4
KX16LML         ,KX16LML  ,MED VAN   ,1426.22,D,8943,8316M*,27.68
KX16LMM         ,KX16LMM  ,MED VAN   ,891.93,D,7923,6679M*,36.37
KX63OBB         ,KX63OBB  ,MED VAN   ,55.77,D,66787,ONLY,ONE AUDIT
L/LIGHT MASTER  ,LMAST6   ,MASTER    ,4631.11,D,VISITOR,KEY,
L/LIGHTS MASTER2,LMAST2   ,MASTER    ,865.76,D,VISITOR,KEY,
LC63XFF         ,Loan     ,SMALL VAN ,1075.94,D,41793,14214M,60.05
LIBRARY MASTER2 ,MASTER   ,MASTER    ,261.72,D,PLANT,KEY,
LJ65DKP         ,78560,SML SWEEPE,9146.8,D,10130,6232M,3.1
LJ65DMO         ,78567,SML SWEEPE,5889.4,D,8349,5305M*,4.11
LJ65DNP         ,78579,SML SWEEPE,8131.7,D,9204,6747M,3.77
LJ65DOH         ,78568,SML SWEEPE,4623.04,D,7201,3437M*,3.4
LJ65DPO         ,78574,SML SWEEPE,12692.33,D,14855,9799K,2.18
LJ65FWG         ,78561,SML SWEEPE,7729.93,D,10153,7753M,4.56
LJ65FWH         ,78562,SML SWEEPE,3148.74,D,7001,5189K,4.65
LJ65FWK         ,78563,SML SWEEPE,6171.93,D,8719,6544K*,3.01
LJ65FWL         ,78564,SML SWEEPE,6434.4,D,13103,9064M,6.4
LJ65FWM         ,78565,SML SWEEPE,3893.32,D,9036,4578M*,5.4
LJ65FWN         ,78566,SML SWEEPE,262.73,D,26107,391M*,7.86
LJ65FWND        ,78566DD  ,SML SWEEPE,543.33,D,4314,867M,7.25
LJ65FWU         ,78569,SML SWEEPE,392.73,D,3351,435M,5.03
LJ65FWUDD       ,78569 D  ,SML SWEEPE,2604.88,D,6416,3896M,6.8
LJ65FWV         ,78570,SML SWEEPE,3984.92,D,7419,4271K*,3.05
LJ65FWW         ,78571,SML SWEEPE,2428.68,D,11559,6206K,7.22
LJ65FWX         ,78572,SML SWEEPE,4706.38,D,6480,4515M,4.36
LJ65FWY         ,78573,SML SWEEPE,1718.05,D,7563,4408K,7.25
LJ65FWZ         ,78575,SML SWEEPE,10511.27,D,13221,8640M,3.74
LJ65FXA         ,78576,SML SWEEPE,6865.19,D,10529,6196M,4.1
LJ65FXB         ,78577,SML SWEEPE,1913.13,D,5861,1821M,4.33
LJ65FXC         ,78578,SML SWEEPE,5062.89,D,8146,5680M,5.1
LK15KKD         ,78552,SWEEPER   ,10677.68,D,27511,12888K,3.41
LK15KKE         ,78554,SWEEPER   ,6035.34,D,20969,12121K,5.67
LM12YUH         ,78555,SWEEPER   ,2906.73,D,29774,4382M,6.85
LN15KKC         ,78551,SWEEPER   ,9677.36,D,42564,23854M,11.2
LN15KKF         ,78556,SWEEPER   ,10278.38,D,32487,15553K,4.27
LN15KKG         ,LN15KKG  ,SWEEPER   ,8932.59,D,19381,7785K*,2.47
LN15KKH         ,78557,SWEEPER   ,6863.57,D,24977,9510K,3.91
LN15KKJ         ,78558,SWEEPER   ,8187.5,D,36510,17094K*,5.92
LN15KKO         ,785600,SWEEPER   ,9172.42,D,26117,12365M,6.13
LOCALITY SSE MAS,SSE MASTE,MASTER    ,27865.48,D,6674,4861M*,0.81
LR66EPC         ,LR66EPC  ,SMALL VAN ,16.46,D,1128,ONLY,ONE AUDIT
LV16HLA         ,419,WELFARE   ,4092.84,D,17181,16433M,18.25
LV16HLC         ,420,WELFARE   ,3480.88,D,17809,17072M,22.29
LV16HLD         ,421,WELFARE   ,3510.32,D,16154,15856M,20.53
LV16HLE         ,422,WELFARE   ,3640.45,D,17220,17151M*,21.76
LV16HLF         ,417,WELFARE   ,4946.79,D,25366,23776M,21.85
LV16HLR         ,423,WELFARE   ,3396.88,D,14904,14844M*,20.25
LV16LVG         ,418,WELFARE   ,4692.08,D,22202,21227M,20.56
LX65AUE         ,416,WELFARE   ,5174.69,D,23596,22420M,19.69
LX65AUF         ,415,WELFARE   ,4010.99,D,18607,17359M,19.67
LX65AUH         ,411,WELFARE   ,5477.83,D,24514,22253M,18.47
LX65AUJ         ,412,WELFARE   ,4604.06,D,21175,19096M,18.85
LX65AUK         ,414,WELFARE   ,5031.31,D,24199,22269M,20.12
LX65AUL         ,413,WELFARE   ,3082.71,D,14772,13761M,20.29
LX65AUM         ,403,WELFARE   ,4380.58,D,18121,16216M,16.83
LX65AUN         ,410,WELFARE   ,3251.99,D,14556,13064M,18.26
LX66AFY         ,447,WELFARE   ,1487.94,D,5930,5879M*,18.7
LX66AHE         ,451,WELFARE   ,2338.44,D,8522,8471M*,16.93
LX66AHJ         ,446,WELFARE   ,1451.58,D,6154,6049M*,19.68
LX66AJY         ,450,WELFARE   ,1362.75,D,6085,5860M*,20.27
LX66ALO         ,448,WELFARE   ,2079.33,D,8277,8222M*,18.49
LX66AMU         ,449,WELFARE   ,1613.72,D,6453,6404M*,18.68
MA13MWL         ,MA13MWL  ,LARGE VAN ,1026.82,D,55662,5463M,24.18
MA62EYX         ,MA62EYX  ,MED VAN   ,130,D,48807,366M*,25.59
MA62FNY         ,MA62FNY  ,MED VAN   ,1755,D,70845,10954M*,29.46
MA62FOC         ,MA62FOC  ,MED VAN   ,1288.69,D,73863,9297M*,34.38
MA62YDX         ,MA62YDX  ,MED VAN   ,507.09,D,30412,3213M,28.8
MA64HWY         ,MA64HWY  ,MED VAN   ,1248.08,D,110625,80102M?,ERROR
MA64HXJ         ,MA64HXJ  ,MED VAN   ,417.64,D,16032,3070M,33.41
MAILROOM MASTER ,MAILMAST ,MASTER    ,1033.98,D,PLANT,KEY,
MASTER ENV ENE  ,MASTER EN,MASTER    ,51473.76,D,PLANT,KEY,
MASTER LIBRARY  ,MASTER LI,MASTER    ,861.71,D,PLANT,KEY,
MASTERMOW       ,MOWMAST1 ,MASTER    ,28732.27,D,5955,ERROR,
MC16PYO         ,MC16PYO  ,MINIBUS   ,1557.65,D,12888,10645M*,32.31
MF11BPZ         ,MF11BPZ  ,MED VAN   ,130.04,D,58785,975M,34.08
MF11BWV         ,MF11BWV  ,SMALL VAN ,565.83,D,64774,7234M*,63.17
MF12LME         ,MF12LME  ,SMALL VAN ,506.51,D,52969,5138M,46.11
MF12LNT         ,MF12LNT  ,SMALL VAN ,257.32,D,44478,4556M,80.48
MF12LOA         ,MF12LOA  ,MED VAN   ,65,D,55333,398M,27.83
MF12LTE         ,MF12LTE  ,MED VAN   ,65,D,66774,ONLY,ONE AUDIT
MF12LTU         ,MF12LTU  ,MED VAN   ,260,D,75814,806M*,28.18
MF13URJ         ,MF13URJ  ,MED VAN   ,850.24,D,7678,4858M*,28.12
MF13UUS         ,MF13UUS  ,MED VAN   ,193.78,D,69152,971M*,33.95
MF15OHT         ,MF15OHT  ,SMALL VAN ,221.46,D,43426,1556M,31.94
MF60HFK         ,MF60HFK  ,MED VAN   ,515.84,D,87593,3287M,28.96
MF61YWM         ,MF61YWM  ,MED VAN   ,22.22,D,27678,ONLY,ONE AUDIT
MF64EBK         ,MF64EBK  ,LARGE VAN ,124.64,D,67147,391M*,27.34
MF64EBM         ,MF64EBM  ,MED VAN   ,195,D,32054,1185M,27.62
MJ10SXK         ,MJ10SXK  ,SMALL VAN ,74.95,D,89284,423M*,49.54
MJ15GWE         ,MJ15GWE  ,MED VAN   ,1848.23,D,38125,11159M*,28.44
MJ15YGZ         ,MJ15YGZ  ,MED VAN   ,2108.82,D,31427,16046M,34.59
MJ16XLX         ,701,SMALL VAN ,545.06,D,6340,6300M*,54.97
MJ16XMA         ,700,SMALL VAN ,571.28,D,7203,7165M*,59.78
MJ16XMY         ,13,4 X 4     ,671.52,D,6326,6292M*,44.81
MJ62OEW         ,MJ60OEW  ,MED VAN   ,594.26,D,58667,3477M*,34.04
MK12FKS         ,MK12FKS  ,MED VAN   ,320.47,D,57238,2273M,32.24
MK12FKY         ,MK12FKY  ,MED VAN   ,127.25,D,175181,404M*,28.78
MK16XLY         ,702,SMALL VAN ,1067.07,D,15576,15468M*,67.8
MK16YUY         ,1866,LARGE VAN ,1371.91,D,7367,7261M*,25.24
MK58XOT         ,MK58XOT  ,SMALL VAN ,626.42,D,75225,4962M,36.01
ML60LXS         ,1115,SMALL VAN ,225.93,D,48202,2520M,50.7
ML60UUX         ,ML60UUX  ,SMALL VAN ,108.25,D,43282,1069M,44.89
ML60UWF         ,ML60UWF  ,SMALL VAN ,87.71,D,70182,62982M?,ERROR
ML60UWG         ,ML60UWG  ,SMALL VAN ,29.73,D,0,ONLY,ONE AUDIT
ML60UXA         ,ML60UXA  ,MED VAN   ,463.12,D,109530,3685M,36.17
ML60UXG         ,ML60UXG  ,MED VAN   ,375.48,D,246315,2631M,31.85
ML62YFM         ,ML62YFM  ,MED VAN   ,222.73,D,46118,745M*,18.53
ML63WUV         ,WS13/61  ,TRACTOR   ,1349.08,D,999,ERROR,
MM16WKV         ,MM16WKV  ,MPV       ,505.79,D,8930,3920M*,35.23
MT10MJE         ,MT10MJE  ,MED VAN   ,650,D,87000,1200M*,9.32
MT10MJJ         ,MT10MJJ  ,MED VAN   ,62.97,D,65404,399M,28.8
MV13MLN         ,MV13MLN  ,MED VAN   ,683.54,D,45849,4061M,27.01
MV14SFU         ,MV14SFU  ,FLATBED   ,817.43,D,31665,3446M*,20.67
MV14SOJ         ,MV14SOJ  ,MPV       ,450.96,D,31886,4113M,41.46
MV17CPY         ,736,SMALL VAN ,33.12,D,291,ONLY,ONE AUDIT
MV17CPZ         ,737,SMALL VAN ,20.12,D,7,ONLY,ONE AUDIT
MV17DDO         ,735,SMALL VAN ,20.11,D,8,ONLY,ONE AUDIT
MV61XTH         ,MV61XTH  ,MED VAN   ,585,D,58985,4350M,33.8
MW16CXU         ,711,SMALL VAN ,596.54,D,7462,7455M*,59.54
MW16CYZ         ,708,SMALL VAN ,670.61,D,7635,7629M*,54.38
MW16CZA         ,709,SMALL VAN ,382.73,D,4566,4559M*,58.78
MW16CZC         ,706,SMALL VAN ,908.97,D,11843,11748M*,61.21
MW16CZD         ,707,SMALL VAN ,497.82,D,5868,5774M*,56.53
MW16CZL         ,714,SMALL VAN ,402.11,D,4439,4427M*,53.78
MW16CZM         ,713,SMALL VAN ,536.02,D,6050,6040M*,54.11
MW16CZP         ,712,SMALL VAN ,661.44,D,7902,7888M*,56.51
MW16CZR         ,715,SMALL VAN ,571.72,D,5560,5553M*,46.4
MW16CZT         ,716,SMALL VAN ,499.89,D,6227,6197M*,59.95
MW16CZZ         ,730,SMALL VAN ,842.97,D,10087,10081M*,56.51
MW16DBX         ,704,SMALL VAN ,511.68,D,5608,5600M*,53.06
MW16DBZ         ,703,SMALL VAN ,278.41,D,2416,2408M*,40.78
MW16DCF         ,705,SMALL VAN ,471.21,D,5924,5900M*,60.76
MW16DCY         ,740,SMALL VAN ,513.68,D,5787,5719M*,53.85
MW16DCZ         ,727,SMALL VAN ,317.16,D,3955,3909M*,61.46
MW16DDU         ,728,SMALL VAN ,432.91,D,4771,4727M*,53.73
MW16DDV         ,729,SMALL VAN ,451.34,D,5524,5515M*,59.84
MW16DPA         ,710,SMALL VAN ,349.2,D,4438,4432M*,63.11
MW16YYB         ,722,SMALL VAN ,162.22,D,1547,1412M*,47.22
MX64FNT         ,MX64FNT  ,MED VAN   ,378.63,D,22832,2340M,28.09
NX56BZY         ,3303,LIBRARY BU,2779.37,D,78380,7316M,11.96
NX56CCV         ,3304,LIBRARY BU,3350.89,D,115497,14542K,12.26
OV15WVC         ,OV15WVC  ,SMALL VAN ,915.48,D,19337,8423M,41.82
OV15WVO         ,OV15WVO  ,SMALL VAN ,857.72,D,12016,7630M*,41.74
OV15WVR         ,OV15WVR  ,SMALL VAN ,494.44,D,7834,4402M,40.47
OV15WVS         ,OV15WVS  ,SMALL VAN ,117.07,D,11224,1168M,45.35
OY63PHN         ,OY63PHN  ,CAR       ,423.43,D,47754,4336M*,49.69
PARKING MASTER  ,PARKING M,MASTER    ,622.05,D,PLANT,KEY,
PE63VRG         ,3501,LARGE TIPP,2744.79,D,39616,11436K,11.77
PE63VRJ         ,3503,LARGE TIPP,1821.91,D,18595,6602K,10.23
PE63VRK         ,3502,LARGE TIPP,3094.09,D,30367,10267K,9.37
PK64PKX         ,PK64PKX  ,SMALL VAN ,538.24,D,44039,4506M*,41.49
PK64PLJ         ,PK64PLJ  ,SMALL VAN ,163.96,D,23732,1084M*,44.71
PM CLEANING MAST,PMCMAST  ,MASTER    ,5361.16,D,PLANT,KEY,
PM DIES MAST    ,PMDIEMAST,MASTER    ,25014.93,D,PLANT,KEY,
PN07VVX         ,5015,18TN D/M  ,1635.1,D,112867,3911K,6.76
PN07VVY         ,5019,18TN D/M  ,3428.41,D,127859,8270K,6.81
PN07VVZ         ,5016,18TN D/M  ,1513.52,D,108163,4520K,8.43
PN07VWA         ,5020,18TN D/M  ,3256.75,D,129382,8709K,7.55
PN07VWB         ,5017,18TN D/M  ,2602.59,D,135828,6521K,7.08
PN07VWC         ,5018,18TN D/M  ,2386.67,D,126578,6331K,7.49
PN07VWD         ,5013,18TN D/M  ,1458.78,D,140449,2933K,5.68
PN07VWE         ,5014,18TN D/M  ,2025.15,D,113791,4904K,6.84
PN09GUE         ,3105,MED VAN   ,399.85,D,109643,2386K,16.85
PN09GUF         ,3106,MED TIPPER,943.21,D,156860,4889K,14.64
PN09TVV         ,5025,18TN D/M  ,2859.64,D,115028,7553K,7.46
PN14BZH         ,PN14BZH  ,MED VAN   ,1963.66,D,52653,18645M,43.16
PO13AYP         ,4610,HOOKLOADER,14472.67,D,122676,27686K,5.4
PO13AYS         ,4611,HOOKLOADER,18573.66,D,140255,34474K,5.24
PO13AYT         ,4613,HOOKLOADER,17479.27,D,137240,32056K*,5.25
PO13AYU         ,4612,HOOKLOADER,13093.71,D,140063,24118K*,5.27
PO13AYV         ,4614,HOOKLOADER,17158.73,D,127097,31977K,5.26
PO13CAX         ,WS 12/54 ,TRACTOR   ,734.95,D,999,ERROR,
PO14FNC         ,3312,LIBRARY BU,2452.79,D,21315,10116K,11.65
PO14FND         ,3905,HGV       ,6036.62,D,38527,11901K,5.57
PO14FNE         ,3803,HGV       ,1208.65,D,17155,4567K,10.67
PO16FXZ         ,PO16FXZ  ,MED TIPPER,2666.81,D,24278,11787M*,20.59
PO58JDF         ,2214,MED VAN   ,195,D,9493,683M,15.92
PO58OWA         ,5022,18TN D/M  ,3205.45,D,121123,7867K*,7.19
PO58OWB         ,5023,18TN D/M  ,3307.3,D,108243,7830K,6.69
PO58OWC         ,5024,18TN D/M  ,3236.93,D,117370,8744K,7.63
PO58OWD         ,5021,18TN D/M  ,3110.99,D,129880,7366K,6.69
PO59DJZ         ,3108,MED TIPPER,440.59,D,139640,2203K*,14.29
PO62JGV         ,430,WELFARE   ,2703.26,D,57341,10567M,17.77
PO62JHU         ,431,WELFARE   ,2181.57,D,65103,8655M,18.03
PO64CCJ         ,PO64CCJ  ,LUTON     ,3173.21,D,30175,13904M,19.92
PO64CFD         ,PO64CFD  ,MED TIPPER,2277.99,D,31636,9605M,19.17
PO64CFE         ,PO64CFE  ,MED TIPPER,2304.89,D,23371,9104M,17.95
PO65DVP         ,PO65DVP  ,LUTON     ,884.87,D,15243,4432M*,24.57
PO65DVU         ,PO65DVU  ,LARGE VAN ,2072.82,D,28206,14297M,31.35
PO66DXT         ,PO66DXT  ,MED TIPPER,1992.39,D,9725,9221M*,21.25
PO66DXV         ,PO66DXV  ,MED TIPPER,1599.55,D,7727,7027M*,20.81
PO66DXZ         ,PO66DXZ  ,MED TIPPER,1159.1,D,5344,4453M*,19.06
PO66DYP         ,PO66DYP  ,,585,D,3257,2748M*,24.02
POTTERY MASTER  ,HWPMAST  ,MASTER    ,22736.57,D,PLANT,KEY,
R804CUB         ,78804,HGV       ,199.73,D,137703,108K*,2.78
RCA MASTER      ,RCAMAST  ,MASTER    ,44895.01,D,34990,34978M*,3.58
REFUSE MASTER 1 ,RCA MAST1,MASTER    ,9034.36,D,VISITOR,KEY,
RK65ZRX         ,RK65ZRX  ,MED VAN   ,317.69,D,26927,2497M*,44.49
RO15RFJ         ,RO15RFJ  ,MED VAN   ,65,D,14096,505M,35.31
RO15RHA         ,RO15RHA  ,MED VAN   ,65,D,12897,401M,28.04
RX66MKC         ,RX66MKC  ,GULLY TANK,7925.8,D,16015,15207K*,5.47
RX66MKE         ,RX66MKE  ,GULLY TANK,6328.77,D,10829,10176K*,4.6
RX66MKF         ,RX66MKF  ,GULLY TANK,6980.21,D,11210,10629K*,4.32
RX66MKJ         ,RX66MKJ  ,GULLY TANK,6168.38,D,6308,5843K*,2.74
RX66MKL         ,RX66MKL  ,GULLY TANK,4729.32,D,8193,7856K*,4.82
SC63EKV         ,SC63EKV  ,SMALL VAN ,44.38,D,46576,ONLY,ONE AUDIT
SEC MASTER      ,SECMAST  ,MASTER    ,2773.66,D,PLANT,KEY,
SF15URG         ,SF15URG  ,MED TIPPER,1961.48,D,30352,8687M*,20.51
SG64ABV         ,SG64ABV  ,MED TIPPER,2847.57,D,18848,11052M,17.64
SG65XES         ,SG65XES  ,SMALL VAN ,1055.28,D,23444,10425M*,46.28
SJ12RVK         ,SJ12RVK  ,MED TIPPER,1791.91,D,54020,10364M*,27.18
SJ12RVL         ,SJ12RVL  ,MED TIPPER,152.8,D,38162,582M,17.31
SJ12RYB         ,SJ12RYB  ,MED TIPPER,2209.91,D,47947,11313M*,23.79
SJ12SCZ         ,SJ12SCZ  ,MED TIPPER,1964.23,D,62055,11620M*,27.81
SJ12SGV         ,SJ12SGV  ,MED TIPPER,2016.55,D,59970,12080M,27.23
SJ12SKU         ,SJ12SKU  ,MED TIPPER,1968.28,D,64268,11981M,27.67
SNOWY TEST KEY  ,CS TEST  ,,112.53,D,17,10M*,0.63
SPORTS MASTER   ,SPORTSMAS,MASTER    ,663.6,D,PLANT,KEY,
SS MASTER       ,,        MASTER    ,9405.64,D,72011,51211M*,25.05
STSC H/SHAW MAST,STSCMAST ,MASTER    ,40840.45,D,VISITOR,KEY,
T.O.P.S MASTER  ,TOPMAST  ,MASTER    ,2954.6,D,PLANT,KEY,
TRANSPORT MASTER,TRANMAST ,MASTER    ,14541.06,D,PLANT,KEY,
VE08GYS         ,78027,3 AXLE BIN,15285,D,121339,22696K,4.19
VK09TPO         ,4473,3 AXLE BIN,8787.5,D,164261,18719K,6.02
VK09TUA         ,784471,3 AXLE BIN,9819.55,D,172026,14275K,4.11
VN08LPC         ,78026,2 AXLE BIN,2496.59,D,150472,3867K*,4.47
VN12LFX         ,4483,3 AXLE BIN,12111.13,D,106209,19040K,4.44
VN58FZY         ,78025,3 AXLE BIN,9510.13,D,118705,13792K,4.1
VN62HMU         ,4489,3 AXLE BIN,8746.94,D,56635,9878K,3.19
VO13UWD         ,4493,3 AXLE BIN,5146.54,D,51580,7047K,3.87
VO17FZR         ,VO17FZR  ,CAR       ,36.8,D,200,ONLY,ONE AUDIT
VU06KKA         ,78024,2 AXLE BIN,9966.32,D,152469,10573K,3
VU62HOA         ,4484,3 AXLE BIN,8350.55,D,55712,9530K,3.22
VU62HOH         ,4485,3 AXLE BIN,8158.06,D,70406,9776K,3.38
VU62HOJ         ,4488,3 AXLE BIN,11101.92,D,62395,10853K,2.76
VU62HPA         ,4486,3 AXLE BIN,8491.43,D,67750,9719K,3.23
VU62HPC         ,4487,3 AXLE BIN,11496.18,D,56148,9432K,2.32
VU62HTP         ,VU62HTP  ,3 AXLE BIN,11884.35,D,81010,17172K*,4.11
VX13LRJ         ,4490,3 AXLE BIN,9067.93,D,52128,7438K*,2.33
VX13LRK         ,4491,3 AXLE BIN,7752.24,D,65357,8800K,3.21
VX13LRL         ,4492,3 AXLE BIN,10456.29,D,64041,10118K,2.73
VX14LLV         ,4417,3 AXLE BIN,12818.36,D,38963,11926K,2.63
VX14LLW         ,4418,3 AXLE BIN,12566.2,D,75687,20392K,4.58
VX16ASZ         ,4449,3 AXLE BIN,14673.58,D,19636,19536K*,3.82
VX16ATF         ,4450,3 AXLE BIN,11569.44,D,16530,16464K*,4.1
VX16ATK         ,4451,3 AXLE BIN,11894.43,D,14249,13050K*,3.13
W735CWY         ,2347,LARGE TIPP,63.3,D,3937,250K,11.15
W783CWY         ,2349,LARGE TIPP,164.61,D,176183,779K,13.37
WJ15HHP         ,WJ15HHP  ,SMALL VAN ,407.05,D,20190,3622M,40.45
WN15KRJ         ,WN15KRJ  ,MED TIPPER,2282.86,D,17589,13599M*,27.78
YA06OSZ         ,2653,MED TIPPER,579.51,D,139807,2584M,20.27
YA07FNR         ,1432,MED VAN   ,575.53,D,79520,3865M,30.53
YA07FPC         ,1430,MED VAN   ,279.59,D,64944,1746M*,37.91
YA07XMB         ,1951,FLATBACK  ,2021.2,D,58999,4897M*,11.4
YA07ZVP         ,946,SMALL VAN ,359.09,D,54030,2865M,36.27
YA07ZVW         ,948,SMALL VAN ,1212.96,D,71233,10100M,37.85
YA07ZVX         ,945,SMALL VAN ,295.82,D,50345,1825M,28.04
YA08LBF         ,1457,MED VAN   ,488.09,D,69981,3128M,29.13
YA08LCG         ,1456,MED VAN   ,604.49,D,75336,4098M,30.81
YA08LCJ         ,1460,MED VAN   ,325,D,72005,2152M,30.1
YA08LCM         ,1458,MED VAN   ,315.47,D,53981,1913M,27.56
YA08LCP         ,1461,MED VAN   ,495.28,D,68430,2757M,25.3
YA08LCT         ,1462,MED VAN   ,325,D,44213,1738M,24.31
YA10HUV         ,101,SMALL VAN ,410.67,D,35397,3698M,40.93
YA10HVA         ,105,SMALL VAN ,519.06,D,46576,5428M,47.53
YA13YMT         ,1170,SMALL VAN ,1398.38,D,39799,9221M,29.97
YA14JYR         ,YA14JYR  ,HOIST     ,1710.92,D,26869,10852K,17.91
YA14WSF         ,1519,MED VAN   ,3608.88,D,40308,22460M,28.29
YA15AHL         ,1558,MED VAN   ,1773.5,D,15208,8679M,22.24
YA15GPO         ,1559,MED VAN   ,1296.6,D,15865,8628M,30.25
YA15GPX         ,1560,MED VAN   ,1030.14,D,11172,6529M,28.81
YA16FWY         ,1227,SMALL VAN ,741.04,D,7117,7098M*,46.11
YA16FWZ         ,1228,SMALL VAN ,376.83,D,3482,3461M*,46.85
YA16FXB         ,1226,SMALL VAN ,712.63,D,7421,7402M*,50.12
YA16FXF         ,1229,SMALL VAN ,847.18,D,7501,7481M*,42.2
YA16FXG         ,1201,SMALL VAN ,310.31,D,4288,4259M*,72.29
YA63TWP         ,1174,SMALL VAN ,1439.75,D,45577,14239M,44.95
YB07GZT         ,1431,MED VAN   ,268.04,D,74873,1911M,32.41
YB07UGO         ,1435,MED VAN   ,1836.55,D,79689,11509M,28.48
YB08PYZ         ,763,SMALL VAN ,109.29,D,50785,1050M,43.67
YB08PZM         ,767,SMALL VAN ,162.02,D,94430,1937M,54.34
YB08PZN         ,YB08PZN  ,SMALL VAN ,168.66,D,72617,2048M*,68.6
YB08XNY         ,997,MED VAN   ,175.41,D,70190,1572M,40.74
YB08XOF         ,1000,SMALL VAN ,358.54,D,63914,2319M*,32.57
YB08XOFD        ,1000D    ,MED VAN   ,354.17,D,61192,2797M,35.9
YB08XRC         ,1455,MED VAN   ,234.62,D,55181,1396M,27.05
YB08XSH         ,996,SMALL VAN ,162.79,D,64573,1502M,41.94
YB08XSM         ,999,SMALL VAN ,212.59,D,55589,1787M,38.21
YB08XSV         ,1002,SMALL VAN ,252.64,D,64487,1860M,33.46
YB08XTP         ,1001,MED VAN   ,157.53,D,54389,1189M,34.31
YB08ZBC         ,768,SMALL VAN ,38.44,D,135838,416M,49.19
YB10GMV         ,742,SMALL VAN ,359.27,D,74779,4021M,50.87
YB10PLJ         ,745,SMALL VAN ,491.47,D,84903,5743M,53.12
YB13LSL         ,1477,MED VAN   ,1389.45,D,20045,8081M,26.44
YB13LSV         ,1479,MED VAN   ,2735.62,D,55215,15459M,25.69
YB13LSX         ,1154,SMALL VAN ,1289.72,D,37183,9172M,32.33
YB13LTA         ,1156,SMALL VAN ,900.85,D,21517,5993M,30.24
YB13LTJ         ,1155,SMALL VAN ,936.98,D,25937,6261M,30.37
YB13LTO         ,1157,SMALL VAN ,1130.9,D,32280,7610M,30.59
YB13LTT         ,1480,MED VAN   ,1259.01,D,33125,7289M*,27.7
YB13LTZ         ,1151,SMALL VAN ,1163.65,D,35127,8683M,33.92
YB13LUA         ,1478,MED VAN   ,1619.13,D,39637,9419M,26.44
YB13PGO         ,1153,SMALL VAN ,863.16,D,28467,6573M,34.61
YB13PHK         ,1152,SMALL VAN ,1066.49,D,29807,8654M,36.88
YB13VBP         ,1481,MED VAN   ,1404.93,D,35262,7748M,25.07
YB13VYK         ,1740ENE  ,MED VAN   ,1642.75,D,40591,11162M,30.89
YB13YBS         ,1147,SMALL VAN ,1017.64,D,27509,7428M,33.18
YB13YCG         ,107,SMALL VAN ,893.84,D,32901,8769M,44.59
YB15DKD         ,1524,MED VAN   ,1625,D,18700,8970M,25.09
YB15DKF         ,1525,MED VAN   ,1665.9,D,19674,11827M,32.27
YB15DKJ         ,1526,MED VAN   ,692.85,D,6760,4424M,29.02
YB15DKV         ,1531,MED VAN   ,1570.67,D,17311,10865M,31.44
YB15DKX         ,1535,MED VAN   ,130,D,10611,353M*,24.69
YB15DLF         ,1528,MED VAN   ,1169.09,D,11760,6857M,26.66
YB15DLK         ,1536,MED VAN   ,876.26,D,9094,5282M,27.4
YB15DLY         ,1538,MED VAN   ,805.32,D,7584,4308M,24.32
YB15DLZ         ,1540,MED VAN   ,1150.89,D,10133,7018M,27.72
YB15DMU         ,1521,MED VAN   ,1693.31,D,19343,11040M,29.64
YB15DMY         ,1534,MED VAN   ,1170.08,D,12159,7403M,28.76
YB15DND         ,1530,MED VAN   ,695.51,D,600,540M*,3.89
YB15DNJ         ,1523,MED VAN   ,1154.8,D,12860,6870M,27.04
YB15DNO         ,1537,MED VAN   ,1669.03,D,15633,9913M,27
YB15ODV         ,1071,SMALL VAN ,604.1,D,10358,6083M,45.77
YB15OEC         ,1073,SMALL VAN ,545.16,D,8845,5193M,43.3
YB15OEE         ,1072,SMALL VAN ,439.96,D,8816,6692M,69.14
YB15OEFD        ,1074D    ,SMALL VAN ,1077.96,D,18323,9183M,38.72
YB15WDR         ,1070,SMALL VAN ,1223.64,D,20691,12006M,44.6
YB15WDT         ,1068,SMALL VAN ,911.18,D,15990,8389M,41.85
YB15WDU         ,1069,SMALL VAN ,985.87,D,16315,9113M,42.02
YB15WDV         ,1075,SMALL VAN ,1198.34,D,20731,11632M,44.12
YB15ZZN         ,1557,MED VAN   ,1563.85,D,17106,10313M,29.98
YB57ZKL         ,1955,MED TIPPER,1128.26,D,70806,5330M,21.47
YB57ZRO         ,396,MINIBUS   ,490.78,D,27737,4053M,37.54
YB58DSY         ,1718,MED VAN   ,1960.5,D,115944,10383M,24.07
YB58ENT         ,1883,MED VAN   ,952.28,D,71513,4807M,22.94
YB58MSX         ,1470,MED VAN   ,390,D,63465,2284M,26.62
YB58MTJ         ,1472,MED VAN   ,265.75,D,39568,1385M,23.69
YB58NCV         ,1471,MED VAN   ,650,D,62083,4417M,30.89
YB60HYK         ,369,MINIBUS   ,835.56,D,46321,8132K*,29.81
YB62URY         ,1338ENE  ,MED VAN   ,2498.22,D,71333,17090M,31.09
YB62YKM         ,YB62YKM  ,MED VAN   ,380.95,D,93110,1594M*,22.48
YB63HPY         ,284,WELFARE   ,2752.99,D,46535,11679M,19.28
YB63OJW         ,531,4 X 4     ,921.25,D,19857,5699M,28.12
YB63UOV         ,1009,SMALL VAN ,1361.16,D,43257,11788M,39.36
YB63UOW         ,1010,SMALL VAN ,1020.88,D,28998,8737M,38.9
YB63UOX         ,1011,SMALL VAN ,623.63,D,18350,4788M,34.9
YB63UOY         ,1012,SMALL VAN ,686.68,D,19544,5766M*,41.04
YB63UPA         ,1013,SMALL VAN ,659.8,D,20878,4895M*,33.74
YB63UPC         ,1014,SMALL VAN ,790.68,D,17229,6208M,35.69
YB63UPD         ,1015,SMALL VAN ,1074.86,D,26673,8394M,35.5
YB63UPE         ,1016,SMALL VAN ,1547.25,D,47052,14841M,43.6
YB63UPF         ,1017,SMALL VAN ,522.75,D,14207,3765M,32.74
YB63UPG         ,1018,SMALL VAN ,961.19,D,24679,7659M,36.22
YB63UPH         ,1019,SMALL VAN ,1236.7,D,30830,9935M,36.52
YB63UPJ         ,1020,SMALL VAN ,923.23,D,28641,8723M,42.95
YB63UPK         ,1021,SMALL VAN ,675.99,D,17360,5313M,35.73
YB63UPL         ,1022,SMALL VAN ,1398.66,D,31252,10657M,34.63
YB63UPM         ,1023,SMALL VAN ,1089.03,D,29705,9400M,39.23
YB63UPN         ,1024,SMALL VAN ,614.18,D,22295,4621M,34.2
YB63UPO         ,1025,SMALL VAN ,968.35,D,21161,7816M,36.69
YB63URL         ,1037,SMALL VAN ,1068.16,D,26558,9241M,39.32
YB63URM         ,1038,SMALL VAN ,1018.4,D,27370,8505M,37.96
YB63URN         ,1039,SMALL VAN ,1031.3,D,27598,8703M,38.36
YB63URO         ,1040,SMALL VAN ,1020.71,D,29610,8391M,37.37
YB63URP         ,1041,SMALL VAN ,1687.11,D,55934,14386M,38.76
YB63URT         ,1194,SMALL VAN ,1068.91,D,35220,10316M,43.87
YB63URU         ,1195,SMALL VAN ,1248.51,D,32909,13133M,47.81
YB63URV         ,1196,SMALL VAN ,521.28,D,16838,5301M*,49.95
YB63WKD         ,10,CAR       ,95.23,D,103705,956M,45.63
YB63WKR         ,11,CAR       ,2523.59,D,169477,26431M,47.61
YB64YZP         ,1897,LARGE VAN ,28.58,D,4087,ONLY,ONE AUDIT
YB65NSZ         ,1967EHE  ,MED TIPPER,2261.71,D,15351,12315M,24.75
YB65WZP         ,1966,FLATBACK  ,2390.55,D,16174,12475M,23.72
YB66XRY         ,1973,FLATBACK  ,367.91,D,1572,1554M*,23.32
YC07ONJ         ,959,SMALL VAN ,579.85,D,77695,5326M,41.75
YC07OPY         ,1947,FLATBACK  ,1646.35,D,110003,7050M,19.46
YC07URX         ,953,SMALL VAN ,1178.04,D,83571,9116M,35.17
YC08JVY         ,1459,MED VAN   ,513.36,D,92493,3432M,30.39
YC08WGG         ,356,MINIBUS   ,1289.59,D,79584,10492M,36.98
YC08YDV         ,762,SMALL VAN ,240.08,D,57733,2958M,56
YC09DWO         ,1882,MED VAN   ,2250.52,D,62003,9338M,18.86
YC10FCA         ,1731,MED VAN   ,714.06,D,63968,4421M,28.14
YC10FCL         ,1730,MED VAN   ,1918.88,D,62652,10721M,25.4
YC10FCP         ,1723,MED VAN   ,436.27,D,60614,2251M,23.45
YC10FDO         ,1722,MED VAN   ,582.96,D,62568,3315M,25.85
YC10FEJ         ,1729,MED VAN   ,804.06,D,71388,4771M,26.97
YC10KAK         ,1732,MED VAN   ,423.63,D,33202,2050M,22
YC10USG         ,1733,MED VAN   ,1764.64,D,48060,9584M,24.69
YC10UST         ,1737,MED VAN   ,253.92,D,23346,1727M,30.92
YC10VVL         ,1724,MED VAN   ,373.6,D,54267,2061M,25.08
YC12UFR         ,1961ENE  ,MED TIPPER,1107.25,D,25554,5327M,21.87
YC12UYR         ,0529ENE  ,4 X 4     ,1130.65,D,31124,6240M,25.09
YC13DNJ         ,1355ENE  ,MED VAN   ,580.3,D,33218,2742M*,24.19
YC13DVJ         ,1353,MED VAN   ,1342.69,D,34385,7763M,26.28
YC13DXJ         ,1351ENE  ,MED VAN   ,1049.41,D,22925,6634M,28.73
YC13DYP         ,1358,MED VAN   ,1681.99,D,38472,12217M,33.02
YC13HVZ         ,1352ENE  ,MED VAN   ,1521.64,D,37261,9570M,28.59
YC14UTL         ,1050,SMALL VAN ,1107.64,D,26514,9719M,39.88
YC14UTR         ,1171,SMALL VAN ,1446.84,D,27749,14338M,45.04
YC14UTS         ,1172,SMALL VAN ,1115.05,D,30794,9320M,37.99
YC14VKZ         ,293,WELFARE   ,4494.03,D,36785,19620M,19.84
YC59GZB         ,80,4 X 4     ,746.36,D,51374,6272M,38.2
YC59HAE         ,721,SMALL VAN ,1139.95,D,33690,12493M*,51.37
YC63CUV         ,2680,MED TIPPER,1847.57,D,53029,12274K,18.76
YC63ERY         ,1026,SMALL VAN ,893.37,D,24003,7696M,39.16
YC63WDY         ,YC63WDY  ,LARGE TIPP,3495.64,D,55502,18767K*,15.4
YC63WDZ         ,YC63WDZ  ,LARGE TIPP,4381.36,D,66688,27560K*,18.04
YC63WSV         ,3433,LARGE TIPP,1862.48,D,33992,11279K,17.1
YC63WSW         ,3434,LARGE TIPP,507.84,D,9847,1599K,8.89
YC63WSY         ,3432,LARGE TIPP,1174.63,D,16980,3935K,9.46
YC64XGC         ,YC64XGC  ,LARGE VAN ,783.81,D,47550,3715M*,23.24
YC65GMF         ,1080,SMALL VAN ,945.68,D,18445,9594M,46.11
YC65MTF         ,1079,SMALL VAN ,1519.82,D,20300,15304M,45.77
YC65MUU         ,1082,SMALL VAN ,1891.86,D,27677,19254M,46.26
YC65MVA         ,1083,SMALL VAN ,1740.4,D,21788,18001M,47.01
YC65MVD         ,1081,SMALL VAN ,1360.54,D,18502,13559M,45.3
YC66JKF         ,5046,18TN D/M  ,1935.87,D,4475,4338K*,7.06
YC66JKJ         ,5045,18TN D/M  ,1864.53,D,3149,2920K*,4.98
YC66WSL         ,5048,18TN D/M  ,2244.42,D,5677,5448K*,7.53
YC66WSN         ,5047,18TN D/M  ,2770.1,D,6198,6049K*,6.65
YD04ARZ         ,2602,MED TIPPER,473.63,D,86784,2692M,25.84
YD09AXM         ,429,WELFARE   ,2148.41,D,177501,9148K,12.03
YD13BXE         ,1342ENE  ,LARGE VAN ,1294.95,D,38682,7682M,26.96
YD13GPX         ,1340ENE  ,MED VAN   ,965.21,D,30077,5893M,27.75
YD13GPZ         ,1350ENE  ,LARGE VAN ,1467.68,D,32617,8629M*,26.73
YD13JKN         ,YD13JKN  ,LARGE VAN ,653.45,D,50432,3616M*,27.38
YD13OWA         ,1125,SMALL VAN ,1243.39,D,41184,9733M,35.58
YD14UWB         ,1894,LARGE VAN ,2328.22,D,35039,12340M*,24.76
YD14UWM         ,98,MPV       ,1121.38,D,37379,9508M,38.54
YD14UWO         ,1044,SMALL VAN ,584.09,D,23376,5825M,45.33
YD14UWP         ,1045,SMALL VAN ,630.44,D,20803,7053M,50.85
YD14UWR         ,1051,SMALL VAN ,1159.12,D,29783,11444M,44.88
YD14UWS         ,1179,SMALL VAN ,845.13,D,24350,7019M,37.75
YD14UWZ         ,1057,SMALL VAN ,455.67,D,21135,5752M,57.38
YD14VPU         ,1182,SMALL VAN ,1312.01,D,33995,12168M,42.16
YD14VTN         ,1183,SMALL VAN ,747.81,D,17702,6233M,37.89
YD14VTP         ,1184,SMALL VAN ,553.25,D,20300,5221M,42.9
YD16MGT         ,1595,MED VAN   ,633.99,D,3509,3471M*,27.73
YD16NAK         ,18,CAR       ,474.14,D,4953,4916M*,52.31
YD16NBC         ,1236,SMALL VAN ,1059.81,D,9451,9412M*,41.15
YD54GZG         ,1215,SMALL VAN ,533.6,D,82384,4407M,37.54
YD56VMA         ,749,SMALL VAN ,158.54,D,61259,1431M,41.03
YD58LRO         ,790,SMALL VAN ,142.95,D,66523,1662M,52.85
YD58LRU         ,775,SMALL VAN ,93.46,D,86163,843M,41
YD58LRV         ,772,SMALL VAN ,114.56,D,56160,1280M,50.79
YD58LRX         ,794,SMALL VAN ,88.04,D,57922,1045M,53.95
YD58LRY         ,789,SMALL VAN ,158.53,D,75251,1744M,50
YD58LSC         ,785,SMALL VAN ,119.63,D,56897,1295M,49.2
YD58LSE         ,777,SMALL VAN ,154.52,D,61561,1746M,51.36
YD58LSK         ,781,SMALL VAN ,66.26,D,45545,842M,57.76
YD58LSL         ,783,SMALL VAN ,167.31,D,84665,1852M,50.31
YD58LSN         ,793,SMALL VAN ,113.67,D,79131,1457M,58.26
YD58LSO         ,786,SMALL VAN ,72.56,D,54040,785M,49.18
YD58LSV         ,787,SMALL VAN ,133.71,D,55482,1609M,54.7
YD58LSX         ,788,SMALL VAN ,112.84,D,33898,1151M,46.36
YD58LSY         ,779,SMALL VAN ,55.16,D,54816,809M,66.67
YD58LSZ         ,774,SMALL VAN ,73.78,D,44066,808M,49.78
YD58LTF         ,792,SMALL VAN ,97.48,D,55342,1014M,47.28
YD58LTJ         ,780,SMALL VAN ,229.62,D,96723,3155M,62.45
YD58LTK         ,773,SMALL VAN ,138.05,D,29134,1006M,33.12
YD64DTY         ,YD64DTY  ,MED VAN   ,1882.01,D,54118,10249M*,25.5
YD64OKP         ,1067,SMALL VAN ,868.97,D,18193,8040M*,44.36
YD64PPV         ,YD64PPV  ,MED VAN   ,1823.53,D,64401,9741M*,24.98
YD65LME         ,YD65LME  ,LUTON     ,3943.55,D,32300,21400M*,25.08
YE07FAF         ,957,SMALL VAN ,567.58,D,66281,6367M,50.99
YE07FBN         ,1948,MED TIPPER,1912.82,D,118686,8837M,21
YE07OUV         ,78079,MINIBUS   ,818.35,D,28011,3420M,19
YE07RCO         ,759,SMALL VAN ,691.96,D,67796,7477M,49.12
YE07RCV         ,952,SMALL VAN ,627.06,D,77589,3709M,26.89
YE07XKM         ,963,SMALL VAN ,607.08,D,63181,4823M,36.11
YE09BXB         ,255,WELFARE   ,1377.23,D,129588,5868M,19.37
YE09BXC         ,256,WELFARE   ,1705.3,D,111024,7250M,19.32
YE09BXD         ,252,WELFARE   ,2421.26,D,125115,10459M,19.63
YE09BXF         ,253,WELFARE   ,2503.1,D,124888,10870M,19.74
YE09BXG         ,254,WELFARE   ,1833.49,D,106374,7969M,19.76
YE09BXH         ,251,WELFARE   ,1533.83,D,123807,6755M,20.02
YE10YUW         ,1736,MED VAN   ,591.72,D,35859,3419M,26.26
YE11YHB         ,4481,3 AXLE BIN,14642.26,D,114505,15275K,2.95
YE12PHV         ,1960ENE  ,MED TIPPER,1080.16,D,27549,5282M,22.23
YE13NHJ         ,1130,SMALL VAN ,1348.35,D,35410,10414M,35.11
YE13NPJ         ,1128,SMALL VAN ,1509.57,D,40070,11968M,36.04
YE13NVB         ,1131,SMALL VAN ,564.15,D,17967,3869M,31.17
YE13ULH         ,1129,SMALL VAN ,644.26,D,22023,5016M,35.39
YE13WBX         ,YE13WBX  ,SML SWEEPE,142.54,D,15720,593M*,26.56
YE15VFD         ,1549,MED VAN   ,1993.04,D,19592,5913M,13.49
YE15VNW         ,1529,MED VAN   ,2056.17,D,20907,11605M,25.65
YE16YPP         ,4615,HOOKLOADER,11785.96,D,23924,23424K*,5.71
YE16YPR         ,4616,HOOKLOADER,10860.78,D,22020,21522K*,5.73
YE16YPT         ,4617,HOOKLOADER,10385.77,D,20196,19699K*,5.46
YE55OUK         ,57,CAR       ,136.47,D,62695,1227M,40.87
YE58CRZ         ,4457,3 AXLE BIN,848.71,D,173085,1046K,3.48
YE58CSO         ,4458,3 AXLE BIN,682.72,D,149221,899K,3.72
YE58SYH         ,4462,3 AXLE BIN,477.4,D,119383,518K,3.06
YE58SYJ         ,4459,3 AXLE BIN,1129.33,D,123478,1291K,3.23
YE58SYT         ,784467,3 AXLE BIN,10882.02,D,154461,13613K,3.53
YE58SYU         ,784464,3 AXLE BIN,11246.54,D,163196,13333K,3.35
YE58SYV         ,4466,3 AXLE BIN,341.85,D,157135,397K,3.28
YE58SYZ         ,784470,3 AXLE BIN,4559.82,D,144402,5452K,3.38
YE59YVZ         ,739,SMALL VAN ,253.22,D,42485,2312M*,48.48
YE62OTP         ,94,CAR       ,1740.64,D,148113,16169M,42.22
YE62OTR         ,93,CAR       ,1213.91,D,130139,12790M,47.89
YE63TYB         ,374,MINIBUS   ,528.1,D,9134,2426M*,23.81
YE66EAA         ,231,WELFARE   ,1099.76,D,4386,4197M*,17.97
YE66EFADD       ,1237DD   ,SMALL VAN ,301.86,D,1778,1353M*,23.82
YE66EFFDD       ,1238DD   ,SMALL VAN ,261.37,D,2022,1979M*,41.56
YE66EFGDD       ,1239DD   ,SMALL VAN ,205.4,D,1610,1569M*,44.3
YE66EFHDD       ,1241DD   ,SMALL VAN ,387.2,D,3398,3356M*,44.57
YE66JTV         ,5049,18TN D/M  ,2998.81,D,7168,6637K*,6.61
YF04LGY         ,1258,SMALL VAN ,576.18,D,99786,5813M,45.86
YF04LHR         ,1266,SMALL VAN ,431.87,D,66327,3373M,35.5
YF07GDX         ,965,SMALL VAN ,697.65,D,75825,6461M,42.1
YF07GFK         ,960,SMALL VAN ,838.3,D,72265,7281M,39.48
YF07GFU         ,980,SMALL VAN ,558.79,D,93397,3616M,29.41
YF07GGZ         ,976,SMALL VAN ,896,D,68046,7451M,37.8
YF07GHN         ,986,SMALL VAN ,518.92,D,76950,4612M,40.4
YF07GJV         ,954,SMALL VAN ,1234.98,D,80033,10021M,36.88
YF07LSY         ,78967,SMALL VAN ,95.63,D,54059,371M*,35.08
YF07NWS         ,1952,FLATBACK  ,399.22,D,49040,1439M*,19.42
YF08BFZ         ,853,SMALL VAN ,745.28,D,49225,5248M,32.01
YF08KKO         ,994,SMALL VAN ,181.18,D,117691,1279M,32.09
YF09ZGN         ,1884,LARGE VAN ,1673.01,D,119300,15236K,25.72
YF10WTJ         ,744,SMALL VAN ,77.08,D,40632,794M,46.82
YF10WXR         ,743,SMALL VAN ,124.82,D,53844,923M*,44.65
YF10WXR(D)      ,0743 (D) ,SMALL VAN ,322.11,D,51918,4025M,56.8
YF13EPD         ,1169,SMALL VAN ,1803.16,D,42863,13181M,33.23
YF13EPK         ,1160,SMALL VAN ,1589.8,D,34169,10671M,30.51
YF13FRU         ,1150,SMALL VAN ,436.61,D,25642,3172M,33.02
YF13HZJ         ,1739ENE  ,MED VAN   ,1281.89,D,22455,7593M,26.92
YF13TKU         ,1138,SMALL VAN ,922.74,D,24475,6751M,33.26
YF13TKV         ,1158,SMALL VAN ,1564.71,D,36408,10443M,30.34
YF13TKX         ,1749,MED VAN   ,2565.11,D,52299,14059M,24.91
YF13TKZ         ,1148,SMALL VAN ,928.48,D,23404,6351M,31.09
YF13TLJ         ,1134,SMALL VAN ,560.53,D,13911,4000M,32.44
YF13TLN         ,106,SMALL VAN ,552.43,D,31617,5922M,48.73
YF13TLU         ,1133,SMALL VAN ,1010.52,D,27486,7696M,34.62
YF13TLV         ,1164,SMALL VAN ,1180.16,D,33750,8879M,34.2
YF13TLX         ,1132,SMALL VAN ,824.79,D,26510,7277M,40.1
YF13TMO         ,1135,SMALL VAN ,766.81,D,27019,6014M,35.65
YF13TMU         ,1161,SMALL VAN ,1567.83,D,39111,13462M,39.03
YF13TMX         ,1136,SMALL VAN ,1115.47,D,27402,8220M,33.5
YF13TMY         ,1149,SMALL VAN ,834.26,D,26155,5186M,28.26
YF13TNE         ,1166,SMALL VAN ,1392.94,D,34858,10067M,32.85
YF13TNN         ,1145,SMALL VAN ,1204.75,D,29134,10116M,38.17
YF13VBN         ,1142,SMALL VAN ,601.57,D,28877,4057M,30.65
YF13VBO         ,1165,SMALL VAN ,2293.97,D,42973,16613M,32.92
YF13VBP         ,1141,SMALL VAN ,1118.71,D,28634,8454M,34.35
YF13VBU         ,1168,SMALL VAN ,1017.93,D,32916,7305M,32.62
YF13VBX         ,1167,SMALL VAN ,1582.74,D,26010,11242M,32.29
YF13VBY         ,1143,SMALL VAN ,899.28,D,27127,5586M,28.23
YF13VCG         ,1146,SMALL VAN ,879.12,D,32345,6326M,32.71
YF13VCJ         ,1144,SMALL VAN ,971.04,D,21950,6570M,30.75
YF13VCO         ,1162,SMALL VAN ,1310.1,D,36758,9761M,33.87
YF13VCP         ,1139,SMALL VAN ,1007.93,D,32761,7717M,34.8
YF13WCD         ,1140,SMALL VAN ,1081.85,D,28737,7695M,32.33
YF13WCP         ,1890,LARGE VAN ,2737.47,D,51629,15783M,26.21
YF13WCT         ,1137,SMALL VAN ,1041.1,D,27345,6770M,29.56
YF13WXN         ,1741ENE  ,MED VAN   ,1717.87,D,26637,8973M,23.74
YF13WYO         ,1742ENE  ,MED VAN   ,2658.78,D,36786,13696M,23.41
YF15FUY         ,YF15FUY  ,MED TIPPER,67.85,D,13045,98M*,17.89
YF15LJN         ,1544,MED VAN   ,1940.72,D,16696,10076M,23.6
YF15LJY         ,1548,MED VAN   ,1259.22,D,13510,7185M,25.94
YF15LKJ         ,1554,MED VAN   ,4415.08,D,55444,32347M,33.3
YF15LKN         ,1551,MED VAN   ,1588.72,D,17072,10101M,28.9
YF15LLA         ,1541,MED VAN   ,967.89,D,9754,5492M,25.79
YF15LLK         ,1552,MED VAN   ,780.96,D,9894,4947M,28.79
YF15LLV         ,1556,MED VAN   ,1235,D,14074,8372M,30.81
YF15LLW         ,1532,MED VAN   ,1227.06,D,12175,7572M,28.05
YF15LMJ         ,1542,MED VAN   ,1727.61,D,15744,9852M,25.92
YF15LNU         ,1550,MED VAN   ,2005.36,D,20872,13879M,31.46
YF15LNW         ,1561,MED VAN   ,1652.25,D,19835,10766M,29.62
YF15LPE         ,1546,MED VAN   ,1950.44,D,20564,12149M,28.31
YF15LRJ         ,1545,MED VAN   ,1093.16,D,12368,7288M,30.3
YF15LSE         ,1533,MED VAN   ,1902.36,D,17424,10333M,24.69
YF15LUD         ,1543,MED VAN   ,1105,D,17443,5949M*,26
YF15LWD         ,1539,MED VAN   ,1601.86,D,17782,9825M,27.88
YF15LWO         ,1547,MED VAN   ,1617.75,D,17513,9219M,25.9
YF15LWU         ,1553,MED VAN   ,1585.62,D,17885,8252M*,24.67
YF15ZFZ         ,1527,MED VAN   ,2077.58,D,21240,12672M,27.72
YF15ZGC         ,1522,MED VAN   ,715,D,8591,3459M*,24.19
YF15ZHP         ,1520,MED VAN   ,1583.51,D,16000,9781M,28.08
YF16MYA         ,1219,SMALL VAN ,740.53,D,7323,7290M*,47.49
YF16MYB         ,1218,SMALL VAN ,617.38,D,5941,5921M*,46.7
YF16MYD         ,1217,SMALL VAN ,557.59,D,4695,4666M*,41.06
YF16MYG         ,1216,SMALL VAN ,795.43,D,7382,7359M*,44.29
YF16MYH         ,1220,SMALL VAN ,785.43,D,7311,7289M*,44.46
YF16ZYG         ,1221,SMALL VAN ,760.87,D,6186,6164M*,38.91
YF16ZYH         ,1223,SMALL VAN ,882.46,D,8707,8683M*,46.94
YF16ZYJ         ,1224,SMALL VAN ,813.4,D,8732,8635M*,51.28
YF16ZYK         ,1222,SMALL VAN ,989.68,D,8786,8745M*,42
YF16ZYO         ,1225,SMALL VAN ,845.76,D,7811,7621M*,43.04
YF56VLK         ,942,SMALL VAN ,848.26,D,92941,7238M,38.79
YF57PJU         ,993,SMALL VAN ,691.39,D,65520,5353M,35.19
YF57VKG         ,989,SMALL VAN ,901.49,D,54861,7245M,36.53
YF58RUY         ,718,SMALL VAN ,304.41,D,75448,3234M,48.29
YF58RVE         ,717,SMALL VAN ,110.48,D,50678,719M*,44.01
YF58RVP         ,719,SMALL VAN ,164.81,D,48273,1879M,51.82
YF58TWP         ,1719,MED VAN   ,1218.61,D,54856,6682M,24.92
YF58TZL         ,1717,MED VAN   ,651.27,D,107386,3943M,27.52
YF58UCN         ,1469,MED VAN   ,1785.34,D,133180,13229M,33.68
YF59YFE         ,90,CAR       ,507.7,D,64315,5197M*,50.87
YF59YFS         ,1112,SMALL VAN ,83.9,D,33791,374M*,40.1
YF59YJP         ,1113,SMALL VAN ,876.53,D,43106,7496M*,40.19
YF59YLS         ,741,SMALL VAN ,242.89,D,28757,1946M*,41.61
YF59YLS(D)      ,0741(D)  ,SMALL VAN ,126.94,D,26433,1392M,49.84
YF61LVY         ,1303ENE  ,MED VAN   ,931.45,D,30487,4547M,22.19
YF61LVZ         ,1304ENE  ,MED VAN   ,425.85,D,66248,3476M*,43.32
YF61LWA         ,1305ENE  ,MED VAN   ,1024.71,D,34600,6662M,29.55
YF61LWC         ,1307ENE  ,MED VAN   ,925.1,D,48987,6404M,31.47
YF61LWD         ,1306ENE  ,MED VAN   ,1066,D,49983,8095M,34.52
YF61LWE         ,1308ENE  ,MED VAN   ,613.16,D,33052,3052M*,25.23
YF61LWG         ,1309ENE  ,MED VAN   ,1783.7,D,74425,17859M,45.51
YF61LWH         ,1311ENE  ,MED VAN   ,1443.42,D,44813,10722M,33.76
YF61LWJ         ,1310ENE  ,MED VAN   ,799.95,D,112027,47958M?,ERROR
YF61LWK         ,1312ENE  ,MED VAN   ,1228.18,D,47464,7688M,28.45
YF61LWL         ,1326ENE  ,MED VAN   ,1108.84,D,51085,7580M,31.07
YF61LWM         ,1314ENE  ,MED VAN   ,786.3,D,49527,7883M,45.57
YF61LWN         ,1313ENE  ,MED VAN   ,303.41,D,33075,1433M*,27.32
YF61LWO         ,1319ENE  ,MED VAN   ,756.16,D,39813,5100M,30.66
YF61LWP         ,1320ENE  ,MED VAN   ,1077.17,D,45758,6594M,27.83
YF61LWR         ,1315ENE  ,MED VAN   ,1107.52,D,36562,6675M,27.4
YF61LWS         ,1316ENE  ,MED VAN   ,1142.17,D,48955,8270M,32.91
YF61LWT         ,1321ENE  ,MED VAN   ,1009.52,D,35091,6071M,27.34
YF61LWU         ,1322ENE  ,MED VAN   ,684.18,D,47900,8878M,58.98
YF61LWV         ,1324ENE  ,MED VAN   ,1783.71,D,63756,14727M,37.53
YF61LWW         ,1323ENE  ,MED VAN   ,699,D,40250,4131M*,29.51
YF61LWX         ,1325ENE  ,MED VAN   ,1213.43,D,47476,7691M,28.81
YF61LWY         ,1317ENE  ,MED VAN   ,913.88,D,51969,7045M,35.04
YF61LWZ         ,1318ENE  ,MED VAN   ,1025.01,D,79770,39758M,176.31
YF61LXA         ,1332ENE  ,MED VAN   ,645.2,D,50480,5017M,35.34
YF61LXB         ,1330ENE  ,MED VAN   ,912.38,D,32833,6533M,32.55
YF61LXC         ,1331ENE  ,MED VAN   ,609.34,D,69540,4888M*,40.82
YF61LXD         ,1327ENE  ,MED VAN   ,1655.81,D,67539,11773M,32.32
YF61LXE         ,1328ENE  ,MED VAN   ,503.95,D,24890,3061M,27.61
YF61LXG         ,1329ENE  ,MED VAN   ,974.75,D,51672,7742M,36.1
YF61TNK         ,1302ENE  ,MED VAN   ,1343.19,D,57075,7727M,26.15
YF61TNX         ,1301ENE  ,MED VAN   ,1096.15,D,46540,5495M,22.79
YF63HBX         ,1504,MED VAN   ,1621.73,D,37546,10927M,30.63
YF63HCD         ,1027,SMALL VAN ,958.07,D,24300,7388M,35.05
YF63HCG         ,1028,SMALL VAN ,1095.58,D,27635,9028M,37.46
YF63HCJ         ,1029,SMALL VAN ,935.16,D,31978,7329M,35.62
YF63HCK         ,1030,SMALL VAN ,761.13,D,18327,6082M,36.32
YF63HWA         ,4410,3 AXLE BIN,16347.59,D,71486,18721K,3.23
YF63HWB         ,4402,3 AXLE BIN,16427.73,D,62344,17885K*,3.09
YF63HWC         ,4401,3 AXLE BIN,20195.58,D,75280,24871K,3.48
YF63HWD         ,4408,3 AXLE BIN,17441.32,D,62793,18260K,2.96
YF63HWE         ,4405,3 AXLE BIN,14996.3,D,62459,16501K,3.11
YF63HWG         ,4406,3 AXLE BIN,16051.31,D,58512,14248K,2.51
YF63HWH         ,4407,3 AXLE BIN,17479.85,D,58531,17803K,2.88
YF63HWJ         ,4404,3 AXLE BIN,14918.23,D,59527,14657K,2.77
YF63HWK         ,4415,3 AXLE BIN,13697.98,D,62245,18655K,3.85
YF63HWL         ,4416,3 AXLE BIN,15350.07,D,65440,17734K,3.26
YF63HWM         ,4411,3 AXLE BIN,16505.87,D,61306,18088K*,3.11
YF63HWN         ,4412,3 AXLE BIN,16084.29,D,58910,15766K,2.77
YF63HWO         ,4414,3 AXLE BIN,15526.65,D,55606,13286K*,2.42
YF63HWP         ,4403,3 AXLE BIN,16484.74,D,68203,18307K*,3.15
YF63HWR         ,4409,3 AXLE BIN,16080.02,D,68638,17614K,3.09
YF63HWS         ,4413,3 AXLE BIN,18749.83,D,56626,20442K,3.08
YF65BZH         ,1968,MED TIPPER,1117.24,D,14202,4826M*,20.85
YF65FKA         ,376,MINIBUS   ,637.77,D,7099,5836M,41.59
YF65FKR         ,377,MINIBUS   ,635.81,D,7424,5308M,37.95
YF65NUE         ,1084,SMALL VAN ,220.24,D,4663,2223M,45.88
YF65VVH         ,1969,MED TIPPER,2319.3,D,15747,13437M,26.33
YG06COU         ,928,SMALL VAN ,755.81,D,58159,5356M*,34.11
YG08XBT         ,2211,LARGE VAN ,2058.91,D,92953,10531M,23.25
YG09OVA         ,366,MED VAN   ,2004.43,D,150975,18334K,25.83
YG09PLF         ,1110,SMALL VAN ,38.25,D,39214,302M,35.89
YG09YOW         ,424,WELFARE   ,1389.82,D,222142,5702K,11.59
YG09YOX         ,428,WELFARE   ,1430.9,D,232856,6146K,12.13
YG09YOY         ,426,WELFARE   ,1827.83,D,203641,7781K,12.02
YG09YPA         ,427,WELFARE   ,1962.31,D,284789,7780K,11.2
YG09YPC         ,425,WELFARE   ,1612.1,D,271534,7089K,12.42
YG10KZK         ,85,MPV       ,1235.76,D,97690,ERROR,
YG10KZP         ,81,MPV       ,1593.95,D,111926,ERROR,
YG10MZU         ,1735,MED VAN   ,130,D,47786,587M,20.52
YG10TZO         ,84,MPV       ,614.88,D,68508,4539M,33.55
YG10ZHL         ,82,MPV       ,1444.34,D,128728,ERROR,
YG10ZHM         ,83,MPV       ,1311.48,D,101477,10262M,35.57
YG13FHR         ,1344EHE  ,LARGE VAN ,1003.42,D,36025,5191M,23.52
YG13OAJ         ,1341ENE  ,LARGE VAN ,1231.68,D,25575,6737M,24.86
YG13OAS         ,1349ENE  ,LARGE VAN ,1309.24,D,33430,6658M,23.12
YG13OAY         ,1348ENE  ,LARGE VAN ,1674.47,D,44970,11528M,31.29
YG13OEW         ,1347ENE  ,LARGE VAN ,520,D,33791,3831M,33.49
YG14DRO         ,285,WELFARE   ,3204.01,D,49858,14574M,20.68
YG14FUJ         ,1189,SMALL VAN ,1487.11,D,44695,13183M,40.29
YG14FUV         ,1185,SMALL VAN ,644,D,14393,5522M,38.98
YG14LFU         ,3113,LARGE TIPP,752.55,D,8141,3012M,18.19
YG14LFX         ,3115,LARGE TIPP,1542.13,D,20316,6996M,20.62
YG14LFZ         ,287,WELFARE   ,3918.84,D,58346,18346M,21.28
YG14LGA         ,3114,LARGE TIPP,1071.39,D,13257,3781M,16.04
YG14LGD         ,286,WELFARE   ,4024.41,D,56506,19065M,21.53
YG14PFY         ,1192,SMALL VAN ,1042.29,D,29643,9584M,41.8
YG14PFZ         ,1042,SMALL VAN ,688.01,D,18950,6152M,40.64
YG14PGE         ,1053,SMALL VAN ,627.46,D,16420,4948M,35.84
YG14PGF         ,1046,SMALL VAN ,770.18,D,60626,13282M*,83.02
YG14PGK         ,1180,SMALL VAN ,739.28,D,21628,6393M,39.31
YG14PGO         ,1181,SMALL VAN ,867.19,D,18756,7014M,36.76
YG14PGU         ,1064,SMALL VAN ,528.92,D,15839,5444M,46.78
YG14PGV         ,1061,SMALL VAN ,580.24,D,14869,5293M,41.46
YG14PGZ         ,1052,SMALL  VAN,550.39,D,16897,5526M,45.64
YG14PHA         ,1054,SMALL VAN ,397.86,D,15636,3412M*,43.94
YG14RHZ         ,288,WELFARE   ,4425.59,D,62047,21015M,21.58
YG14RZR         ,1055,SMALL VAN ,556.41,D,20650,5159M,42.15
YG14RZS         ,1056,SMALL VAN ,628.93,D,18139,5541M,40.05
YG14RZT         ,1058,SMALL VAN ,781.63,D,20883,9494M,55.21
YG14RZU         ,1059,SMALL VAN ,775.09,D,27195,7347M,43.09
YG14RZV         ,1893,LARGE VAN ,1922.58,D,31153,10493M,24.81
YG14RZW         ,1895,LARGE VAN ,3272.01,D,54256,16813M,23.36
YG14RZX         ,1896,LARGE VAN ,3101.37,D,55786,17322M,25.39
YG14SBO         ,1486,MED VAN   ,1631.91,D,39014,13729M,38.24
YG14SBZ         ,1060,SMALL VAN ,978.02,D,25944,10054M,46.73
YG14URU         ,1062,SMALL VAN ,908.73,D,23019,7477M,37.4
YG14URY         ,1065,SMALL VAN ,530.37,D,15776,4742M,40.64
YG14URZ         ,1066,SMALL VAN ,446.1,D,9239,3620M*,40.44
YG14USB         ,1063,SMALL VAN ,478.41,D,21725,4408M,41.88
YG14USC         ,1043,SMALL VAN ,876.33,D,24888,8225M,42.66
YG14WWN         ,1188,SMALL VAN ,540.27,D,27833,5232M,44.02
YG14WWP         ,1186,SMALL VAN ,1648.19,D,43849,14459M,39.88
YG14WXJ         ,1190,SMALL VAN ,1783.31,D,39971,15238M,38.84
YG14WXL         ,1187,SMALL VAN ,1624.62,D,46175,15919M,44.54
YG14YBA         ,3311,LIBRARY BU,3207.75,D,23793,11913K,10.49
YG14YKN         ,289,WELFARE   ,3694.78,D,51698,15851M,19.5
YG52PVF         ,78041,MINIBUS   ,167.81,D,27955,759M,20.56
YG54UDX         ,1412,MED VAN   ,829.05,D,70304,6239M,34.21
YG56DVO         ,2632,MED TIPPER,1248.66,D,66563,7750M,28.21
YG56KLD         ,750,SMALL VAN ,594.8,D,74960,7403M,56.57
YG56KLV         ,752,SMALL VAN ,296.04,D,58567,2573M,39.51
YG56KUP         ,2638,MED TIPPER,529.49,D,69506,2465M,21.16
YG56KUX         ,2644,MED TIPPER,833.11,D,108887,3783M*,22.16
YG56VUT         ,755,SMALL VAN ,109.17,D,46634,1060M,44.13
YG56VYL         ,751,SMALL VAN ,51.23,D,53149,304M*,68.82
YG57SOE         ,1453,MED VAN   ,1679.01,D,58360,10344M,28
YG58GYX         ,1875,MED VAN   ,1182.48,D,205836,11606K,27.72
YG58LZC         ,2220,LARGE VAN ,1632.16,D,79525,7499M,20.88
YG58WFU         ,1876,LARGE VAN ,2093.09,D,127177,17135K,23.12
YG59GBV         ,368,MINIBUS   ,1231.75,D,77257,10650K,24.42
YG62YWW         ,1333ENE  ,MED VAN   ,715.39,D,30970,4571M*,29.06
YG62YXO         ,1334ENE  ,MED VAN   ,1893.44,D,37882,13487M*,33.53
YG62YXR         ,1336ENE  ,MED VAN   ,1598.95,D,31115,8650M,24.59
YG62YXX         ,1335ENE  ,MED VAN   ,715,D,27804,4240M,26.95
YG62YYL         ,1337ENE  ,MED VAN   ,1229.5,D,37665,7360M,27.21
YG63ETU         ,1031,SMALL VAN ,960.98,D,27328,8849M,41.86
YG63ETV         ,1032,SMALL VAN ,1242.97,D,30311,10762M,39.36
YG63ETX         ,1033,SMALL VAN ,841.64,D,20925,6609M,35.69
YG63ETY         ,1034,SMALL VAN ,900.89,D,28265,7059M,35.62
YG63ETZ         ,1035,SMALL VAN ,1211.92,D,32432,10521M,39.46
YG63EUA         ,1036,SMALL VAN ,1121.01,D,27442,8875M,35.99
YG63FVS         ,YG63FVS  ,LARGE TIPP,1531.67,D,39134,4616K,8.51
YG64RYA         ,1047,SMALL VAN ,525.23,D,11831,4254M,36.82
YH04WYS         ,2606,MED TIPPER,1143.31,D,160914,5423K,13.4
YH04WZK         ,2600,MED TIPPER,994.78,D,75261,4784M,21.86
YH04WZN         ,2607,MED TIPPER,445.95,D,78757,3387M,34.52
YH04ZSW         ,1407,MED VAN   ,440.72,D,94632,4414M,45.52
YH05HXR         ,1937,FLATBACK  ,1323.74,D,68168,5625M,19.32
YH05HXU         ,1939,FLATBACK  ,1181.35,D,76098,5052M,19.44
YH05HXW         ,1936,FLATBACK  ,832.37,D,71656,2064M,11.27
YH07UOW         ,522,4 X 4     ,832.35,D,44398,6864M,37.48
YH08CKO         ,358,MINIBUS   ,462.54,D,40088,5291M,52
YH09OSE         ,1881,MED VAN   ,1534.24,D,42745,7536M,22.33
YH09VOY         ,1880,MED VAN   ,2056.68,D,93033,11405M*,26.03
YH09VPC         ,1879,MED VAN   ,916.12,D,57653,4457M,22.11
YH10CAX         ,1725,MED VAN   ,2829.28,D,71480,15347M,24.66
YH10CDO         ,1721,MED VAN   ,430.64,D,65569,2304M,24.32
YH10PNZ         ,1728,MED VAN   ,1811.66,D,69232,8968M,22.5
YH10VVA         ,1734,MED VAN   ,459.23,D,42845,2837M,28.08
YH10VVD         ,1726,MED VAN   ,447.61,D,44593,2465M,25.03
YH10YAU         ,1727,MED VAN   ,413.56,D,31587,2096M,23.04
YH13PLU         ,YH13PLU  ,GULLY TANK,4321.57,D,58736,8242K,5.39
YH14EHJ         ,290,WELFARE   ,2200.6,D,50076,9588M,19.8
YH14FNO         ,375,MINIBUS   ,545.72,D,12333,3517M,29.29
YH14NFU         ,291,WELFARE   ,2258.89,D,42052,9474K,11.85
YH14ZPN         ,292,WELFARE   ,2904.23,D,44059,14020K,13.63
YH17TXC         ,1972,FLATBACK  ,65,D,22,ONLY,ONE AUDIT
YH17UAP         ,1970,FLATBACK  ,65,D,18,ONLY,ONE AUDIT
YH17UBG         ,1971,FLATBACK  ,65,D,22,ONLY,ONE AUDIT
YH56DTX         ,0747D    ,SMALL VAN ,96.43,D,58207,1069M*,74.11
YH57DSY         ,1454,MED VAN   ,1607.15,D,88698,7918M,22.39
YH60OCX         ,881114,SMALL VAN ,955.79,D,79796,5793M*,28.3
YH60OUY         ,103,SMALL VAN ,572.54,D,58947,6078M,48.25
YH60OXCD        ,1114D    ,SMALL VAN ,581.74,D,73803,4657M,36.39
YH60OYB         ,104,SMALL VAN ,366.01,D,33258,4235M,52.59
YH60OYD         ,102,SMALL VAN ,625.47,D,56305,6855M,49.82
YH64EWO         ,1048,SMALL VAN ,493.87,D,12936,4240M,39.02
YH64KSN         ,YH64KSN  ,MED VAN   ,60.65,D,43870,ONLY,ONE AUDIT
YH64YYU         ,1049,SMALL VAN ,607.3,D,16886,6261M,46.86
YH66PVK         ,YH66PVK  ,MED TIPPER,1095.92,D,5846,4996M*,21.68
YH66UPF         ,1598,MED VAN   ,388.03,D,1829,1790M*,25.19
YH66UPG         ,1597,MED VAN   ,563.55,D,3081,3027M*,27.6
YH66UPJ         ,1600,MED VAN   ,840.38,D,5474,5449M*,31.69
YH66URE         ,1599,MED VAN   ,249.86,D,1140,1086M*,26.7
YJ06AUT         ,78051,MED VAN   ,581.29,D,28628,2978M,23.29
YJ07BLZ         ,3412,LARGE TIPP,730.87,D,57717,3396K,13.12
YJ07ZVB         ,3419,LARGE TIPP,527.97,D,130765,1938K*,12.34
YJ07ZXO         ,3416,LARGE TIPP,2793.18,D,95853,13747K,13.9
YJ07ZXP         ,3417,LARGE TIPP,2002.52,D,97534,9395K,13.25
YJ07ZYL         ,3421,LARGE TIPP,1157.93,D,159519,5924K,14.45
YJ08BGF         ,784453,3 AXLE BIN,689.21,D,147413,708K,2.9
YJ08CFX         ,363,MINIBUS   ,498.64,D,85161,2982M,27.18
YJ08CFZ         ,359,WELFARE   ,183.97,D,118986,875M,21.62
YJ08CGE         ,361,MINIBUS   ,299.23,D,110646,1829M,27.78
YJ08TZS         ,0244D    ,WELFARE   ,1825.93,D,114821,8736M,21.75
YJ08YHK         ,248,WELFARE   ,2128.57,D,153689,9557M,20.41
YJ08YXV         ,3904,HGV       ,2655.16,D,69229,6247M,10.69
YJ08YZO         ,0243D    ,WELFARE   ,1108.16,D,143933,5003M,20.52
YJ08YZP         ,245,WELFARE   ,1726.94,D,137126,7817M,20.58
YJ08YZR         ,249,WELFARE   ,2293.19,D,117534,10309M,20.43
YJ08YZT         ,247,WELFARE   ,1715.01,D,128540,8055M,21.35
YJ08YZU         ,246,WELFARE   ,1461.79,D,129325,6538M,20.33
YJ08YZV         ,250,WELFARE   ,2586.72,D,103218,12110M,21.28
YJ09BYW         ,3426,LARGE TIPP,3523.85,D,202187,15708K,12.59
YJ09BYX         ,3427,LARGE TIPP,2386.01,D,169012,12377K,14.65
YJ09BYY         ,3428,LARGE TIPP,2126.09,D,247464,14332K,19.04
YJ09DZG         ,3310,LIBRARY BU,3382.88,D,82357,13618K,11.37
YJ09EHD         ,YJ09EHP  ,GULLY TANK,4188.9,D,119882,7771K,5.24
YJ09EHE         ,YJ09EHE  ,GULLY TANK,5045.89,D,197488,10777K,6.03
YJ09SCV         ,3109,FLATBACK  ,1040.57,D,65904,3895K,10.57
YJ09SCX         ,3430,LARGE TIPP,1596.33,D,210655,7589K,13.43
YJ09SDV         ,2666,MED TIPPER,29.22,D,65698,97M,15.09
YJ10DVR         ,3110,MED TIPPER,1150.86,D,69869,4788M,18.91
YJ10DVT         ,3111,MED TIPPER,1051.72,D,33960,4527M,19.57
YJ10DVU         ,3112,MED TIPPER,2692.17,D,104540,14280M,24.11
YJ10FLM         ,WS09/68  ,TRACTOR   ,3952.84,D,4444,570H,0.14
YJ10KWK         ,3431,LARGE TIPP,2288.13,D,70836,11149K,13.76
YJ10LCG         ,3301,,2631.81,D,75277,12381K,13.29
YJ10OHK         ,3302,LIBRARY BU,3068.62,D,94205,13314K,12.25
YJ11FGC         ,WS10/49  ,TRACTOR   ,4019.51,D,3714,459H,0.11
YJ11FGO         ,WS10/53  ,TRACTOR   ,2756.84,D,3781,465H*,0.17
YJ11FLM         ,Sep-68,TRACTOR   ,293.16,D,4537,43H*,0.21
YJ11FLZ         ,WS10/56  ,TRACTOR   ,4626.67,D,5341,935H*,0.2
YJ11FSY         ,78071,MINIBUS   ,259.21,D,25555,2376M,41.67
YJ11LWO         ,258,WELFARE   ,2877.1,D,135079,10251M,16.2
YJ11LWP         ,268,WELFARE   ,3512.69,D,113293,13720M,17.75
YJ11LWR         ,265,WELFARE   ,2814.79,D,100046,11379M,18.38
YJ11LWS         ,259,WELFARE   ,2975.03,D,98612,12060M,18.43
YJ11LWT         ,260,WELFARE   ,3399.2,D,107857,14538M,19.44
YJ11LWU         ,262,WELFARE   ,2314.14,D,110353,10480M,20.58
YJ11LWV         ,261,WELFARE   ,3126.53,D,99334,13180M,19.16
YJ11LWW         ,257,WELFARE   ,2299.08,D,116809,8993M,17.78
YJ11LWX         ,263,WELFARE   ,3157.28,D,103435,11778M,16.96
YJ11LWY         ,264,WELFARE   ,3514.27,D,105860,15813M,20.45
YJ11LWZ         ,266,WELFARE   ,3167.55,D,112508,12027M,17.26
YJ11LXA         ,267,WELFARE   ,2833.28,D,94570,11176M,17.93
YJ12FJJ         ,YJ12FJJ  ,MED TIPPER,3071.91,D,86102,13426M,19.87
YJ12NTE         ,YJ12NTE  ,MED VAN   ,430.21,D,51000,600M,6.34
YJ12NTF         ,YJ12NTF  ,MED VAN   ,420.52,D,41412,2370M,25.62
YJ12NTL         ,YJ12NTL  ,MED VAN   ,486.91,D,56970,2977M,27.79
YJ12NTN         ,YJ12NTN  ,MED VAN   ,360.35,D,46750,2026M,25.56
YJ12NTT         ,YJ12NTT  ,MED VAN   ,65,D,39810,43M,3.01
YJ12NTU         ,YJ12NTU  ,MED VAN   ,130,D,35337,668M,23.36
YJ12OJR         ,YJ12OJR  ,MED TIPPER,142.99,D,83113,2890M,91.87
YJ12OVP         ,YJ12OVP  ,LARGE TIPP,609.42,D,50557,1743M,13
YJ13COU         ,13/18    ,TRACTOR   ,269.48,D,2068,62H*,0.35
YJ13CPF         ,13/17    ,TRACTOR   ,5258.92,D,2868,761H,0.14
YJ13CPO         ,13/22    ,TRACTOR   ,3155.6,D,1948,509H,0.16
YJ13ZBL         ,1339ENE  ,MED VAN   ,1475.82,D,36857,9398M,28.95
YJ13ZFX         ,1124,SMALL VAN ,1041.9,D,38549,7887M,34.41
YJ13ZHX         ,1346ENE  ,MED VAN   ,971.25,D,37704,8050M,37.67
YJ13ZKW         ,1343ENE  ,LARGE VAN ,1375.85,D,39940,9133M,30.17
YJ13ZLX         ,1122,SMALL VAN ,468.79,D,13528,3206M,31.09
YJ13ZMX         ,1345ENE  ,LARGE VAN ,1441.73,D,41353,8684M,27.38
YJ13ZPN         ,1126,SMALL VAN ,346.72,D,13217,2760M,36.18
YJ13ZPR         ,1123,SMALL VAN ,760.88,D,31165,6337M,37.86
YJ14DXF         ,436,WELFARE   ,5191.81,D,53739,21500M,18.82
YJ14DXG         ,434,WELFARE   ,3365.96,D,42823,13614M,18.38
YJ14DXH         ,437,WELFARE   ,4686.13,D,51306,18920M,18.35
YJ14DXK         ,435,WELFARE   ,3192.85,D,39316,13438M,19.13
YJ14DXL         ,439,WELFARE   ,4171.39,D,53505,15678M,17.08
YJ14DXM         ,441,WELFARE   ,4329.63,D,47645,16003M,16.8
YJ14DXO         ,432,WELFARE   ,2775.46,D,44372,10701M,17.53
YJ14DXP         ,444,WELFARE   ,4276.44,D,52388,17340M,18.43
YJ14DXR         ,442,WELFARE   ,3902.01,D,42301,14622M,17.03
YJ14DXU         ,445,WELFARE   ,4346.17,D,46562,17962M,18.79
YJ14DXV         ,440,WELFARE   ,3094.06,D,44397,12897M,18.95
YJ14DXW         ,438,WELFARE   ,3859.92,D,54875,15553M,18.32
YJ14DXX         ,433,WELFARE   ,3443.77,D,45188,14173M,18.71
YJ14DXY         ,443,WELFARE   ,4589.08,D,52760,17172M,17.01
YJ14SJU         ,1964,FLATBACK  ,2272.91,D,41889,13353M,26.7
YJ14SJV         ,2735,MED TIPPER,568.71,D,13219,2324M,18.57
YJ14SJY         ,2734,MED TIPPER,1619.88,D,23415,6697M,18.79
YJ14SVL         ,2227,LARGE VAN ,2053.49,D,25636,9361M,20.72
YJ14SVN         ,2226,LARGE VAN ,2250.17,D,30061,9737M,19.67
YJ15BXE         ,497,WELFARE   ,3273.79,D,27613,13234M,18.37
YJ16CBK         ,1573,MED VAN   ,639.58,D,2922,2900M*,22.94
YJ16CBZ         ,1574,MED VAN   ,2008.84,D,12708,12674M*,29.64
YJ16CPN         ,217,WELFARE   ,2671.55,D,11063,10959M*,19.11
YJ16CPO         ,228,WELFARE   ,2674.29,D,11584,11469M*,19.98
YJ16CPU         ,216,WELFARE   ,2393.38,D,11107,10997M*,21.47
YJ16CPV         ,221,WELFARE   ,3191.95,D,13435,13320M*,19.35
YJ16CPX         ,214,WELFARE   ,3530.69,D,13853,13735M*,18
YJ16CPY         ,213,WELFARE   ,3411.9,D,14250,14139M*,19.2
YJ16CPZ         ,215,WELFARE   ,2881.78,D,13306,13202M*,21.3
YJ16CRF         ,219,WELFARE   ,1768.34,D,7496,7398M*,19.74
YJ16CRK         ,229,WELFARE   ,841,D,3785,3519M*,20.29
YJ16CRV         ,209,WELFARE   ,6045.91,D,24049,23952M*,18.2
YJ16CRX         ,208,WELFARE   ,3841.34,D,16208,16103M*,19.31
YJ16CRZ         ,207,WELFARE   ,3098.94,D,12011,11914M*,17.79
YJ16CSF         ,226,WELFARE   ,3480.5,D,15653,15545M*,20.69
YJ16CSU         ,223,WELFARE   ,4693.09,D,18288,18172M*,17.84
YJ16CSV         ,224,WELFARE   ,3005.4,D,10562,10445M*,16.15
YJ16CSX         ,227,WELFARE   ,4115.44,D,17394,17255M*,19.36
YJ16CSY         ,220,WELFARE   ,3847.37,D,17675,17565M*,21.11
YJ16CSZ         ,218,WELFARE   ,3468.36,D,15339,15236M*,20.25
YJ16CTV         ,222,WELFARE   ,4151.95,D,16481,16376M*,18.2
YJ16CUC         ,211,WELFARE   ,3704.05,D,12848,12730K*,9.88
YJ16CUO         ,210,WELFARE   ,4083.64,D,16818,16700M*,18.82
YJ16CUV         ,225,WELFARE   ,3379.84,D,14191,14084M*,19.31
YJ16CVA         ,202,WELFARE   ,3905.79,D,15319,15131M,17.61
YJ16CVB         ,201,WELFARE   ,2260.98,D,8639,8149M,16.38
YJ16CVF         ,212,WELFARE   ,4473.95,D,18321,18204M*,18.75
YJ16CVR         ,204,WELFARE   ,3047.57,D,12740,12611M,18.81
YJ16CVS         ,205,WELFARE   ,6633.16,D,28248,28112M*,19.44
YJ16CVT         ,206,WELFARE   ,3204.06,D,14014,13904M*,20.09
YJ16CVX         ,203,WELFARE   ,4167.67,D,17852,17518M,19.11
YJ16EED         ,1587,MED VAN   ,1144.99,D,7213,7191M*,30.26
YJ16EEK         ,1572,MED VAN   ,578.97,D,2580,2555M*,22.6
YJ16EGA         ,1581,MED VAN   ,1203.2,D,6834,6805M*,27.18
YJ16EGM         ,1563,MED VAN   ,1231.41,D,7834,7808M*,30.43
YJ16EGS         ,1567,MED VAN   ,1338.01,D,7635,7613M*,27.18
YJ16EGT         ,1576,MED VAN   ,552.23,D,3800,2630M*,24.54
YJ16EGW         ,1562,MED VAN   ,767.8,D,4322,4305M*,27.84
YJ16EHA         ,1586,MED VAN   ,65,D,1950,ONLY,ONE AUDIT
YJ16EJB         ,1585,MED VAN   ,706.41,D,3475,3452M*,24.46
YJ16EJP         ,1566,MED VAN   ,895.05,D,4834,4811M*,26.35
YJ16EJR         ,1564,MED VAN   ,649.74,D,3733,3706M*,28.81
YJ16EJS         ,1578,MED VAN   ,833.36,D,5591,4411M*,26.09
YJ16EJT         ,1577,MED VAN   ,700.42,D,3423,3400M*,24.32
YJ16MSP         ,1584,MED VAN   ,970.02,D,6000,5900M*,29.63
YJ16MSR         ,1582,MED VAN   ,824.82,D,4933,4910M*,29.34
YJ16MSS         ,1570,MED VAN   ,1147.65,D,7599,7561M*,31.74
YJ16MSW         ,1571,MED VAN   ,1338.89,D,8502,8478M*,30.25
YJ16MSZ         ,1575,MED VAN   ,657.16,D,3094,3063M*,23.51
YJ16MTC         ,1569,MED VAN   ,1704.74,D,9646,9617M*,26.66
YJ16MTL         ,1579,MED VAN   ,697.93,D,3969,3827M*,25.85
YJ16MTP         ,1568,MED VAN   ,700.11,D,3041,3024M*,21.64
YJ16MTR         ,1588,MED VAN   ,1932.81,D,13524,13505M*,32.87
YJ16MTS         ,1565,MED VAN   ,805.95,D,5225,5200M*,31.72
YJ16MTW         ,1580,MED VAN   ,1074.13,D,6334,6313M*,28.44
YJ16MUR         ,1583,MED VAN   ,775.49,D,4783,4761M*,30.46
YJ16XJD         ,YJ16XJD  ,MED TIPPER,323.88,D,5188,1294M*,20.38
YJ16XJF         ,YJ16XJF  ,MED TIPPER,1589.97,D,19404,8792M*,25.63
YJ16XJH         ,YJ16XJH  ,MED TIPPER,1193.39,D,8697,5898M*,23.19
YJ16XJL         ,YJ16XJL  ,MED TIPPER,1615.24,D,8311,5748M*,16.58
YJ16ZFT         ,1212,SMALL VAN ,2000.8,D,19668,19646M*,45.54
YJ16ZFV         ,1207,SMALL VAN ,362.83,D,2827,2812M*,40.52
YJ16ZFW         ,1209,SMALL VAN ,433.76,D,3516,3483M*,40.56
YJ16ZFX         ,1208,SMALL VAN ,530.83,D,4700,4674M*,44.04
YJ16ZWB         ,4437,3 AXLE BIN,16609.08,D,13254,12635M*,3.49
YJ16ZWC         ,4438,3 AXLE BIN,15248.24,D,10599,10462M*,3.17
YJ16ZWD         ,4436,3 AXLE BIN,14743.68,D,10643,9641M,2.97
YJ16ZWE         ,4445,3 AXLE BIN,21845.41,D,20172,19438M*,4.07
YJ16ZWF         ,4446,3 AXLE BIN,19033.99,D,17360,16080M,3.84
YJ16ZWG         ,4447,3 AXLE BIN,20301.27,D,16797,15483M,3.47
YJ16ZWH         ,4448,3 AXLE BIN,19556.56,D,17594,15812M*,3.7
YJ16ZWL         ,4440,3 AXLE BIN,12392.03,D,13180,12457M*,4.63
YJ16ZWM         ,4441,3 AXLE BIN,12757.14,D,9041,8424M*,3.03
YJ16ZWP         ,4442,3 AXLE BIN,15565.81,D,19714,19524M*,5.75
YJ16ZWR         ,4443,3 AXLE BIN,13471.97,D,9922,9203M*,3.13
YJ16ZWS         ,4444,3 AXLE BIN,13646.49,D,9416,8693M*,2.93
YJ16ZWX         ,4439,3 AXLE BIN,14896.01,D,12654,11918M*,3.67
YJ16ZXB         ,1592,MED VAN   ,1415.78,D,9455,9436M*,31.73
YJ16ZXD         ,1590,MED VAN   ,770.1,D,4190,4105M*,26.46
YJ16ZYA         ,1591,MED VAN   ,1047.79,D,6138,6113M*,28.27
YJ54FLH         ,0460D    ,WELFARE   ,172.25,D,105311,1465K,24.02
YJ56UUR         ,3411,LARGE TIPP,1257.94,D,166774,7611K,17.09
YJ56UUS         ,3408,LARGE TIPP,1624.81,D,200185,7965K*,14.43
YJ56UVD         ,78084,SMALL VAN ,342.46,D,19972,1328M,17.63
YJ56XAR         ,3409,LARGE TIPP,1361.57,D,175190,6124K,12.7
YJ57BWH         ,345,MINIBUS   ,73.87,D,115413,337M,20.74
YJ57BWP         ,349,MINIBUS   ,335.37,D,89452,1788M,24.23
YJ57BWV         ,340,MINIBUS   ,297.26,D,89334,1533M,23.44
YJ57BYD         ,352,MINIBUS   ,111.32,D,113921,615M,25.11
YJ57BYF         ,346,MINIBUS   ,162.51,D,110864,810M,22.66
YJ57BYM         ,351,MINIBUS   ,55.05,D,105492,287M,23.7
YJ58BDU         ,2221,LARGE VAN ,521.47,D,15842,1865M*,17.76
YJ58DGX         ,4607,HOOKLOADER,5214.76,D,256699,8530K,4.62
YJ58DGY         ,4608,HOOKLOADER,5945.32,D,246887,9620K,4.57
YJ58DGZ         ,4609,HOOKLOADER,17046.68,D,251236,26688K,4.42
YJ58OTF         ,3104,MED TIPPER,212.03,D,118148,490K*,9.19
YJ58OTG         ,2222,LARGE VAN ,590.02,D,38647,4109M,31.66
YJ58OTY         ,2219,MED VAN   ,375.26,D,23074,1338M*,18.31
YJ58OTZ         ,2218,MED VAN   ,201.27,D,15771,463M*,13.33
YJ58OUA         ,2217,MED VAN   ,370.75,D,18009,1382M*,19.63
YJ58OYF         ,1877,MED VAN   ,2198.82,D,155572,18340M,37.91
YJ58OYG         ,1878,MED VAN   ,3344.79,D,105687,18335M*,25.23
YJ60CZS         ,2223,LARGE VAN ,581.58,D,19062,3598M,28.12
YJ60CZT         ,2224,LARGE VAN ,218.54,D,8564,736M,15.31
YJ60MSV         ,2225,LARGE VAN ,204.31,D,6677,450M,10.01
YJ61DWK         ,YJ61DWK  ,LARGE TIPP,2978.53,D,111907,28119K,26.66
YJ61ECE         ,YJ61ECE  ,LARGE TIPP,2085.32,D,77847,9206K*,12.83
YJ62EKU         ,277,WELFARE   ,3212.83,D,73725,14574M,20.62
YJ62ENF         ,281,WELFARE   ,2415.64,D,70780,11067M,20.82
YJ62ENY         ,276,WELFARE   ,3816.75,D,78668,16646M,19.82
YJ62EOC         ,275,WELFARE   ,3913.42,D,69474,16790M,19.5
YJ62EPF         ,282,WELFARE   ,3503.43,D,79661,14764M,19.16
YJ62EPX         ,280,WELFARE   ,4285.57,D,93358,18392M,19.51
YJ62ESN         ,279,WELFARE   ,3514.9,D,76828,15498M,20.04
YJ62ETV         ,278,WELFARE   ,3050.05,D,55537,13937M,20.77
YJ62EUA         ,283,WELFARE   ,3816.76,D,81575,15900M,18.94
YJ62EUF         ,274,WELFARE   ,2882.03,D,68012,12390M,19.54
YJ62EWR         ,272,WELFARE   ,2053.52,D,83785,9803M,21.7
YJ62EWT         ,273,WELFARE   ,2567.01,D,72228,13488M,23.88
YJ62EWX         ,270,WELFARE   ,3066.2,D,67802,14692M,21.78
YJ62EXB         ,271,WELFARE   ,3185.07,D,84584,14965M,21.36
YJ62HBF         ,YJ62HBF  ,LARGE TIPP,3823.36,D,75434,18643K*,14.04
YJ62HPZ         ,YJ62HPZ  ,LARGE TIPP,4064.31,D,90725,23363K,16.24
YJ62JZK         ,YJ62JZK  ,LARGE TIPP,2357.76,D,69664,12447K*,15.32
YJ62KVY         ,YJ62KVY  ,GULLY TANK,4297.58,D,91476,7446K,4.89
YJ63UUZ         ,1963,FLATBACK  ,1500.34,D,32867,8909M*,27.96
YJ63UWY         ,1962,FLATBACK  ,761.59,D,23114,3459M*,22.57
YJ63YZE         ,YJ63YZE  ,GULLY TANK,2192.63,D,54400,3695M,7.66
YJ64BJE         ,465,WELFARE   ,4535.59,D,44784,18908M,18.95
YJ64BJF         ,463,WELFARE   ,4374.04,D,43875,19213M,19.97
YJ64BJK         ,462,WELFARE   ,2930.56,D,32305,13251M,20.55
YJ64BJO         ,461,WELFARE   ,3186.3,D,30806,13038M,18.6
YJ64BJU         ,464,WELFARE   ,2908.53,D,40579,12947M,20.23
YJ64BJV         ,467,WELFARE   ,3620.22,D,36555,15102M,18.96
YJ64BJX         ,469,WELFARE   ,2779.65,D,29979,12404M,20.28
YJ64BJY         ,468,WELFARE   ,2381.4,D,21483,9271M*,17.72
YJ64BKV         ,471,WELFARE   ,3385.98,D,41057,15745M,21.14
YJ64NYG         ,470,WELFARE   ,2456.51,D,33566,11415M,21.12
YJ64NYH         ,472,WELFARE   ,3589.91,D,32093,15258M,19.32
YJ64NYK         ,473,WELFARE   ,2361.07,D,25670,8254M,15.89
YJ64NYL         ,474,WELFARE   ,3490.29,D,32791,15536M,20.23
YJ64NYM         ,476,WELFARE   ,5260.68,D,53393,23024M,19.89
YJ64NYN         ,475,WELFARE   ,3843.46,D,40086,18791M,22.22
YJ64NYO         ,466,WELFARE   ,3056.72,D,36088,16095M,23.93
YJ64NYT         ,487,WELFARE   ,2440.3,D,20883,9723M,18.11
YJ64NYU         ,485,WELFARE   ,4596.16,D,47590,20417M,20.19
YJ64NYV         ,477,WELFARE   ,3215.86,D,35369,12817M,18.12
YJ64NYW         ,479,WELFARE   ,4182.29,D,37177,19517M,21.21
YJ64NYX         ,478,WELFARE   ,4451.41,D,37237,16760M,17.11
YJ64NYY         ,480,WELFARE   ,3020.44,D,34545,13982M,21.04
YJ64NYZ         ,481,WELFARE   ,2905.95,D,29939,12162M,19.02
YJ64NZA         ,483,WELFARE   ,2541.74,D,31997,11179M,19.99
YJ64NZB         ,482,WELFARE   ,3266.48,D,38192,16938M,23.57
YJ64NZC         ,484,WELFARE   ,3637.52,D,38026,15568M,19.45
YJ64NZD         ,493,WELFARE   ,2883.55,D,23942,13488M,21.26
YJ64NZE         ,495,WELFARE   ,3033.94,D,35070,15641M,23.43
YJ64NZF         ,496,WELFARE   ,4067.52,D,42052,18089M,20.21
YJ64NZG         ,494,WELFARE   ,3088.99,D,24109,10899M,16.04
YJ64NZH         ,491,WELFARE   ,3300.26,D,27594,14395M,19.83
YJ64NZK         ,492,WELFARE   ,3598.75,D,31023,15647M,19.76
YJ64NZM         ,488,WELFARE   ,4253.85,D,47833,21788M,23.28
YJ64NZN         ,490,WELFARE   ,3766.13,D,32809,16717M,20.18
YJ64NZO         ,489,WELFARE   ,3770.48,D,42951,18810M,22.68
YJ64NZP         ,486,WELFARE   ,3538.63,D,29341,16041M*,20.91
YJ64TSY         ,YJ64TSY  ,MED VAN   ,376.75,D,15859,2747M*,36.01
YJ65DJD         ,4434,4 AXLE BIN,20408.71,D,18444,12593K,1.74
YJ65DJE         ,4435,4 AXLE BIN,16505.6,D,10733,8233K,1.41
YJ65DJF         ,4433,4 AXLE BIN,20717.03,D,29917,24920K*,3.41
YJ65HWD         ,1965,FLATBACK  ,2385.4,D,14236,12359M,23.55
YJ65TPZ         ,YJ65TPZ  ,MED VAN   ,1199.4,D,33027,6443M*,25.82
YJ65XTG         ,1077,SMALL VAN ,1487.69,D,21000,15758M,48.15
YJ65XXD         ,1078,SMALL VAN ,1744.12,D,29202,17967M,46.82
YJ66DSU         ,297,WELFARE   ,676.5,D,2845,2719M*,20.21
YJ66DSV         ,295,WELFARE   ,639.66,D,2714,2598M*,20.35
YJ66EAC         ,233,WELFARE   ,2284.26,D,9314,9203M*,18.85
YJ66EAE         ,232,WELFARE   ,1559.61,D,7258,7151M*,21.75
YJ66EAF         ,230,WELFARE   ,1101.27,D,4288,4170M*,17.86
YJ66EAG         ,234,WELFARE   ,1546.49,D,6847,6737M*,20.65
YJ66EAK         ,238,WELFARE   ,994.9,D,3754,3635M*,17.74
YJ66EAM         ,235,WELFARE   ,900.32,D,3547,3424M*,18.42
YJ66EAO         ,236,WELFARE   ,958.14,D,4126,4021M*,19.89
YJ66EAP         ,237,WELFARE   ,1157.36,D,4710,4594M*,19.03
YJ66EAW         ,296,WELFARE   ,672.13,D,2531,2424M*,17.82
YJ66EBF         ,239,WELFARE   ,1053.84,D,4337,4216M*,19.19
YJ66EBG         ,242,WELFARE   ,566.49,D,1918,1794M*,16.21
YJ66EBK         ,241,WELFARE   ,1058.33,D,5029,4932K*,13.89
YJ66EBL         ,240,WELFARE   ,613.62,D,2293,2188M*,17.39
YJ66EBM         ,294,WELFARE   ,879.6,D,3843,3724M*,20.62
YJ66VYU         ,3901,HGV       ,1488.17,D,2520,1773K*,4.04
YK03OAL         ,78534,MED TIPPER,557,D,113811,2692M*,25.13
YK06YZV         ,2623,MED TIPPER,735.01,D,92927,7274M*,48.69
YK08CFY         ,360,MINIBUS   ,59.21,D,111297,204M,15.66
YK09KDN         ,1111,SMALL VAN ,730.11,D,66420,6905M,42.99
YK12DFF         ,YK12DFFR ,SML SWEEPE,1358.68,D,34993,1671M*,5.79
YK12DFL         ,8532,SML SWEEPE,1614.84,D,35400,2463H*,1.53
YK12DMX         ,,        ,1029.15,D,24785,1047M*,4.75
YK13UTM         ,1127,SMALL VAN ,628.58,D,21991,5173M,37.41
YK14BEJ         ,5026,18TN D/M  ,6156.72,D,43805,14419K,6.61
YK14BEO         ,5029,18TN D/M  ,5671.31,D,37889,14170K,7.06
YK14BEU         ,5030,18TN D/M  ,4473.7,D,37418,11563K,7.3
YK14BEY         ,5027,18TN D/M  ,4441.05,D,32587,9899K,6.3
YK14BFA         ,5032,18TN D/M  ,5288.95,D,36054,14331K,7.65
YK14BFE         ,5031,18TN D/M  ,4347.34,D,34551,11548K,7.5
YK14BFF         ,5033,18TN D/M  ,5514.41,D,33361,14012K*,7.3
YK14BFJ         ,5035,18TN D/M  ,5737.12,D,35453,15541K,7.65
YK14BFL         ,5028,18TN D/M  ,5420.93,D,39831,14349K,7.48
YK14BFM         ,5034,18TN D/M  ,6238.63,D,25772,9790K,4.43
YK14BFN         ,5036,18TN D/M  ,4905.29,D,35379,12773K,7.35
YK14BFO         ,5037,18TN D/M  ,5851.63,D,35111,14335K,6.92
YK14BFP         ,5039,18TN D/M  ,6168.19,D,41478,14523K*,6.79
YK14BFU         ,5040,18TN D/M  ,5534.43,D,37889,13422K,6.85
YK14BFV         ,5038,18TN D/M  ,6117.66,D,26738,9298K,4.29
YK14BFX         ,5041,18TN D/M  ,6722.37,D,27439,11481K,4.82
YK14BFY         ,5042,18TN D/M  ,5629.02,D,32200,12879K*,6.57
YK14BFZ         ,5043,18TN D/M  ,3797.37,D,25943,9297K,6.91
YK14BGE         ,5044,18TN D/M  ,5873.1,D,20052,9115K,4.38
YK15GOP         ,4423,3 AXLE BIN,19699.21,D,50220,35732K*,5.15
YK15GOU         ,4424,3 AXLE BIN,17184.1,D,23625,12663K,2.08
YK15GOX         ,4422,3 AXLE BIN,16993.39,D,37049,26745K,4.45
YK15GPE         ,4425,3 AXLE BIN,16969.13,D,31567,16329K,2.72
YK15GPF         ,4419,3 AXLE BIN,17341.29,D,39910,20921K,3.41
YK15GPJ         ,4420,3 AXLE BIN,15698,D,22345,11919K,2.14
YK15GPO         ,4427,3 AXLE BIN,15765.37,D,19970,10795K,1.93
YK15GPU         ,4421,3 AXLE BIN,14834.45,D,20766,10686K,2.03
YK15GPV         ,4426,3 AXLE BIN,13746.88,D,16489,8745K,1.8
YK15GPX         ,4428,3 AXLE BIN,14739.3,D,34612,18764K,3.6
YK15HNY         ,4430,2 AXLE BIN,5791.77,D,26911,13202K*,6.49
YK15HNZ         ,4429,2 AXLE BIN,11414.1,D,30041,15856K,3.92
YK15LKE         ,1555,MED VAN   ,1752.82,D,20894,12291M*,33.1
YK15VVR         ,4432,2 AXLE BIN,7894.28,D,33400,19014K,6.8
YK16DED         ,1230,SMALL VAN ,355.67,D,3115,3095M*,41.99
YK16DEF         ,1233,SMALL VAN ,382.6,D,3598,3548M*,47.56
YK16DEM         ,1232,SMALL VAN ,3029.84,D,32127,32076M*,48.82
YK16DET         ,1235,SMALL VAN ,553.69,D,5565,5544M*,49.13
YK51PPZ         ,1844,LARGE VAN ,237.6,D,226428,1340M,25.64
YK53CDF         ,78004,SMALL VAN ,232.86,D,29005,1306M,25.49
YK53FLP         ,784500,3 AXLE BIN,2400.1,D,150736,4789K,5.64
YK54AHE         ,1929,MED TIPPER,155.33,D,71028,1028M,30.08
YK56CDY         ,4100,FLATBACK  ,513.17,D,41081,1240M,10.98
YK57AOG         ,784451,3 AXLE BIN,733.5,D,189497,805K,3.1
YK57AOJ         ,784454,3 AXLE BIN,797.1,D,134519,938K,3.32
YK57AON         ,784452,3 AXLE BIN,707.93,D,143807,678K,2.71
YK57PKR         ,78074,MINIBUS   ,753.7,D,43867,6164K,23.1
YK58JTO         ,1956,MED VAN   ,835.31,D,70287,3971M,21.61
YK58JVG         ,1957,MED VAN   ,1428.79,D,96878,6887M,21.91
YK58JYR         ,1958,FLATBACK  ,474.81,D,29210,2853M,27.31
YK58UCV         ,776,SMALL VAN ,159.52,D,61222,1729M,49.27
YK58UCX         ,791,SMALL VAN ,42.31,D,41111,486M,52.21
YK58UCZ         ,1104,SMALL VAN ,1514.27,D,85322,11569M,34.73
YK58UDD         ,1108,SMALL VAN ,1321.72,D,62652,8722M,30
YK58UDH         ,1103,SMALL VAN ,1535.87,D,51235,12143M,35.94
YK58UDO         ,1106,SMALL VAN ,1191.55,D,65893,8304M,31.68
YK58UDS         ,1107,SMALL VAN ,1700.93,D,69267,11267M,30.11
YK58UDW         ,1105,SMALL VAN ,908.62,D,51591,6072M,30.38
YK58UDY         ,770,SMALL VAN ,149.99,D,68022,1637M,49.61
YK58UDZ         ,784,SMALL VAN ,106.27,D,67469,1237M,52.91
YK58UED         ,771,SMALL VAN ,214.33,D,109735,2702M,57.3
YK58YZE         ,YK58YZE  ,MED VAN   ,820.22,D,24435,4322M,23.95
YK59HXX         ,4475,3 AXLE BIN,11629.89,D,144631,13489K,3.28
YK59HXY         ,4477,3 AXLE BIN,12258.75,D,139297,13722K,3.16
YK59HXZ         ,4478,3 AXLE BIN,11383.8,D,123009,12324K,3.06
YK59HYA         ,4476,3 AXLE BIN,11445.67,D,143777,13943K*,3.45
YK59HYB         ,4479,3 AXLE BIN,14254.84,D,119970,14986K,2.97
YK59HYC         ,4474,3 AXLE BIN,12376.31,D,167790,13650K,3.12
YK59HYF         ,4480,3 AXLE BIN,12402.01,D,129214,14274K,3.25
YK59VRL         ,YK59VRL  ,MINIBUS   ,396.21,D,39447,3213M,36.86
YK60WKV         ,78058,LARGE VAN ,2828.65,D,167095,13387M,21.51
YK61AZV         ,YK61AZV  ,SML SWEEPE,611.01,D,6068,596K*,2.89
YL08DPX         ,1466,MED VAN   ,578.07,D,43790,3714M,29.2
YL08DSE         ,769,SMALL VAN ,90.03,D,50275,1075M,54.27
YL08DSU         ,1464,MED VAN   ,360.5,D,70936,1975M,24.9
YL08DTN         ,1468,MED VAN   ,130,D,24012,383M*,26.78
YL08KHP         ,1874,MED VAN   ,2086.04,D,47732,11753M,25.61
YL08KYX         ,1005,SMALL VAN ,163.04,D,37175,1133M,31.59
YL08LBY         ,1004,SMALL VAN ,37.67,D,61866,287M,34.63
YL08LCK         ,1003,SMALL VAN ,391.44,D,37853,2958M,34.35
YL16RZT         ,1202,SMALL VAN ,516.1,D,4679,3948M*,37.58
YL16RZU         ,1203,SMALL VAN ,360.51,D,3248,3058M*,40.71
YL16RZV         ,1204,SMALL VAN ,361.68,D,3044,2992M*,42.9
YL16RZW         ,1205,SMALL VAN ,115.66,D,719,678M*,42.82
YL16RZX         ,1206,SMALL VAN ,779.01,D,7006,6983M*,43.08
YL16XVT         ,1593,MED VAN   ,1132.24,D,6390,6358M*,27.08
YL16ZFS         ,1214,SMALL VAN ,418.3,D,3880,3851M*,46.39
YL16ZFY         ,1210,SMALL VAN ,410.11,D,3116,3093M*,38.14
YL16ZFZ         ,1211,SMALL VAN ,920.69,D,7666,7643M*,39.55
YL16ZGA         ,1213,SMALL VAN ,3724.06,D,38442,38381M*,47.42
YL16ZXE         ,1594,MED VAN   ,891.65,D,5765,5740M*,31.56
YL16ZXW         ,1596,MED VAN   ,955.45,D,5886,5852M*,29.87
YL53RYJ         ,1247D    ,SMALL VAN ,278.12,D,92440,2178M,35.6
YL53RYM         ,1240D    ,SMALL VAN ,130.32,D,79063,1001M,34.91
YL53RYX         ,1231D    ,SMALL VAN ,221.2,D,87198,1700M,34.93
YL53YPG         ,1245D    ,SMALL VAN ,314.88,D,75124,2586M,37.33
YL53YPN         ,1253D    ,SMALL VAN ,134.1,D,92502,1115M,37.79
YL53YPU         ,1254D    ,SMALL VAN ,266,D,89402,2224M,38
YL63CBV         ,1177,SMALL VAN ,375.32,D,11030,3340M,40.45
YL63CBX         ,1175,SMALL VAN ,908.47,D,18931,7401M,37.03
YL63CBY         ,1176,SMALL VAN ,1302.28,D,35368,11229M,39.19
YL63CCA         ,1178,SMALL VAN ,427.51,D,26679,4329M,46.03
YL63CCE         ,1483,MED VAN   ,961.31,D,32772,7024M,33.21
YL63CCF         ,1484,MED VAN   ,960.82,D,22406,6731M,31.84
YL63CCJ         ,1501,MED VAN   ,1041,D,24447,7175M,31.33
YL63CCK         ,1502,MED VAN   ,1274.12,D,24179,8454M,30.16
YL63CCN         ,1503,MED VAN   ,1035.95,D,31148,7754M,34.02
YL63CEA         ,1505,MED VAN   ,1049.25,D,30463,6496M,28.14
YL63CEF         ,1482,MED VAN   ,1088.38,D,39772,7953M,33.21
YL63CEJ         ,1891,LARGE VAN ,3727.87,D,56400,17730M,21.62
YL63CEN         ,1506,MED VAN   ,1448.87,D,35982,9361M,29.37
YL63CEO         ,1507,MED VAN   ,1805.13,D,37111,12749M,32.1
YL63CEU         ,1508,MED VAN   ,1153.56,D,30401,8283M,32.64
YL63CEV         ,1509,MED VAN   ,2219.62,D,59185,17057M,34.93
YL63CEX         ,1510,MED VAN   ,998.07,D,19227,6669M,30.37
YL63CEY         ,1511,MED VAN   ,1363.66,D,28426,8725M,29.08
YL63CFA         ,1512,MED VAN   ,1483.48,D,32090,9970M,30.55
YL63CHK         ,1513,MED VAN   ,1011.66,D,25630,7614M*,36.56
YL63CHN         ,1514,MED VAN   ,850.91,D,33700,7479M,39.95
YL63CHO         ,1515,MED VAN   ,776.34,D,21604,5939M,34.77
YL63CHV         ,1516,MED VAN   ,900.59,D,20492,5657M,28.55
YL63CHX         ,1517,MED VAN   ,2027.6,D,42266,12553M,28.14
YL63CHY         ,1518,MED VAN   ,1302.12,D,28843,9149M,31.94
YL63CHZ         ,95,MED VAN   ,901.57,D,16360,5481M,27.63
YL63CMY         ,1750,MED VAN   ,2125.01,D,41866,13275M,28.4
YL66AWR         ,1602,MED VAN   ,320.24,D,1452,1416M*,25.22
YL66UVA         ,1360,MED VAN   ,327.97,D,1582,1557M*,26.29
YL66UWA         ,1359,MED VAN   ,216.76,D,1148,1128M*,32.12
YM16VMJ         ,YM16VMJ  ,MINIBUS   ,2142.72,D,20362,18859M*,41.26
YM16VOB         ,YM16VOB  ,MINIBUS   ,506.03,D,5508,3499M*,34.59
YM54ETU         ,917,SMALL VAN ,758.39,D,100309,6548M,39.25
YN14ORH         ,YN14ORH  ,MED TIPPER,5240.76,D,74590,22580M,19.58
YN15LND         ,YN15LND  ,MINIBUS   ,1126.99,D,18693,9503M,38.33
YN64LMU         ,YN64LMU  ,MED TIPPER,3486.31,D,54547,16750M,21.84
YN64LUO         ,YN64LUO  ,MED TIPPER,1335.81,D,22259,7051M,23.99
YN65NFM         ,YN65NFM  ,MED VAN   ,822.3,D,15285,6487M,35.86
YN66NRL         ,YN66NRL  ,MINIBUS   ,1447.49,D,8627,8212K*,16.31
YO54AXP         ,78080,MINIBUS   ,288.15,D,63915,1315M*,26.31
YO65LLT         ,YO65LLT  ,LARGE VAN ,2347.94,D,26889,12006M*,23.87
YOUTH MASTER    ,,        MASTER    ,417.09,D,74979,73867M?,ERROR
YOUTH SERV MASTE,YOUTH MAS,MASTER    ,907.25,D,VISITOR,KEY,
YP08NXS         ,75,WELFARE   ,649.71,D,142528,4443M,31.08
YP57YXK         ,1872,LARGE VAN ,1759.57,D,153132,11597M,29.96
YP59ZSK         ,86,CAR       ,1147.09,D,43451,8409M,33.32
YP63YRF         ,YP63YRF  ,MED TIPPER,165.73,D,21883,762M,20.9
YR14JXY         ,YR14JXY  ,MED TIPPER,3044.82,D,49329,12215M,18.24
YR14KAJ         ,YR14KAJ  ,CAR       ,567.42,D,24605,5891M,47.19
YR16JHV         ,YR16JHV  ,CAR       ,1711.35,D,14624,13188M*,36.27
YS15LOD         ,YS15LOD  ,MINIBUS   ,260,D,4792,3197M,55.89
YS54OHG         ,78016,MINIBUS   ,260,D,24433,1313M,22.95
YS55SVE         ,926,SMALL VAN ,717.52,D,79659,5987M,37.93
YS55SXN         ,923,SMALL VAN ,710.08,D,64928,5635M,36.07
YS57AEA         ,1870,LARGE VAN ,2113.11,D,102278,14618M,31.44
YS57CXL         ,1873,LARGE VAN ,1168.02,D,120564,6818M,26.53
YT07YYD         ,1864,LARGE VAN ,1349.27,D,136177,5666M,19.09
YT12GUF         ,YT12GUF  ,MED TIPPER,224.99,D,21777,588M*,15.74
YT54FHO         ,78003,4 X 4     ,307.13,D,22009,1167M*,21.81
YT54KXN         ,905,SMALL VAN ,173.97,D,79249,1369M,35.77
YT57UOE         ,1869,LARGE VAN ,1491.31,D,91233,6356M,19.37
YT60VHY         ,4400,4 AXLE BIN,15016.13,D,96425,11190K,2.1
YT64FZC         ,YT64FZC  ,MED VAN   ,1681.66,D,31246,11062M,29.9
YT64GFO         ,YT64GFO  ,MED VAN   ,325,D,9579,2001M,27.99
YV15VVS         ,4431,2 AXLE BIN,14272.07,D,35756,10525K,2.08
YX15RVE         ,YX15RVE  ,CAR       ,275.09,D,9079,2579M,42.61
YX65XRN         ,YX65XRN  ,SMALL VAN ,140.92,D,11371,893M*,39.45
YX65XRP         ,YX65XRP  ,MED VAN   ,722.73,D,13765,7587M*,49.2
