company_name,facility_name,region,year,month,electricity_kwh,water_m3,electricity_cost_usd,water_cost_usd,co2_avoided_ton,lighting_pct,hvac_pct,machinery_pct,offices_pct,others_pct,gas_natural_m3,gas_natural_cost_usd,diesel_l,diesel_cost_usd,gasolina_l,gasolina_cost_usd,glp_propano_kg,glp_propano_cost_usd,vapor_termica_gj,vapor_termica_cost_usd,energia_renovable_kwh,energia_renovable_cost_usd,residuos_kg,residuos_cost_usd,emisiones_co2e_t,emisiones_co2e_cost_usd,quimicos_consumibles_l,quimicos_consumibles_cost_usd,software_start_year,dataset_focus
EcoEnergy Operaciones S.A.,Planta Norte,Metropolitana,2024,7,2759.37,930.55,325.61,1321.38,0.21,21.20,29.80,23.42,9.92,15.66,229.90,126.45,38.41,46.10,16.80,22.68,54.01,51.31,7.96,95.50,491.17,39.29,61.47,12.29,1.13,20.31,33.68,84.21,2024,dashboard_simple_all_resources
EcoEnergy Operaciones S.A.,Planta Norte,Metropolitana,2024,8,2735.99,937.64,322.85,1331.45,0.21,20.98,29.80,23.42,9.92,15.88,224.64,123.55,37.69,45.23,17.14,23.13,54.94,52.19,7.78,93.31,488.95,39.12,62.60,12.52,1.11,20.05,34.30,85.75,2024,dashboard_simple_all_resources
EcoEnergy Operaciones S.A.,Planta Norte,Metropolitana,2024,9,2741.39,959.26,323.48,1362.15,0.21,20.90,28.00,23.42,9.92,17.76,221.88,122.04,37.43,44.92,17.38,23.47,56.20,53.39,7.68,92.17,491.87,39.35,63.73,12.75,1.11,19.98,34.92,87.29,2024,dashboard_simple_all_resources
EcoEnergy Operaciones S.A.,Planta Norte,Metropolitana,2024,10,2786.17,994.05,328.77,1411.55,0.21,20.98,28.00,23.42,9.92,17.68,222.37,122.31,37.69,45.23,17.47,23.59,57.46,54.59,7.70,92.37,501.89,40.15,64.85,12.97,1.12,20.11,35.53,88.84,2024,dashboard_simple_all_resources
EcoEnergy Operaciones S.A.,Planta Norte,Metropolitana,2024,11,2625.25,948.44,309.78,1346.78,0.20,21.20,28.00,23.42,9.92,17.46,225.98,124.29,38.41,46.10,17.38,23.47,58.39,55.47,7.82,93.87,474.77,37.98,60.35,12.07,1.13,20.32,33.07,82.66,2024,dashboard_simple_all_resources
EcoEnergy Operaciones S.A.,Planta Norte,Metropolitana,2024,12,2732.64,989.90,322.45,1405.66,0.21,21.50,28.00,23.42,9.92,17.16,231.73,127.45,39.40,47.28,17.14,23.13,58.73,55.79,8.02,96.26,496.14,39.69,61.47,12.29,1.15,20.73,33.68,84.21,2024,dashboard_simple_all_resources
EcoEnergy Operaciones S.A.,Planta Norte,Metropolitana,2025,1,2797.66,1006.43,330.12,1429.14,0.21,21.80,29.80,23.42,9.92,15.06,238.10,130.95,40.38,48.46,16.80,22.68,58.39,55.47,8.24,98.90,509.93,40.79,61.47,12.29,1.17,21.13,33.68,84.21,2024,dashboard_simple_all_resources
EcoEnergy Operaciones S.A.,Planta Norte,Metropolitana,2025,2,2901.53,1029.15,342.38,1461.39,0.22,22.02,29.80,23.42,9.92,14.84,243.36,133.85,41.11,49.33,16.46,22.23,57.46,54.59,8.42,101.09,530.93,42.47,62.60,12.52,1.19,21.43,34.30,85.75,2024,dashboard_simple_all_resources
EcoEnergy Operaciones S.A.,Planta Norte,Metropolitana,2025,3,2976.50,1037.39,351.23,1473.09,0.23,22.10,28.00,23.42,9.92,16.56,246.12,135.36,41.37,49.64,16.22,21.89,56.20,53.39,8.52,102.23,546.77,43.74,63.73,12.75,1.20,21.55,34.92,87.29,2024,dashboard_simple_all_resources
EcoEnergy Operaciones S.A.,Planta Norte,Metropolitana,2025,4,3012.22,1032.48,355.44,1466.12,0.23,22.02,28.00,23.42,9.92,16.64,245.63,135.09,41.11,49.33,16.13,21.77,54.94,52.19,8.50,102.03,555.48,44.44,64.85,12.97,1.19,21.46,35.53,88.84,2024,dashboard_simple_all_resources
EcoEnergy Operaciones S.A.,Planta Norte,Metropolitana,2025,5,2751.75,932.32,324.71,1323.90,0.21,21.80,28.00,23.42,9.92,16.86,242.02,133.11,40.38,48.46,16.22,21.89,54.01,51.31,8.38,100.53,509.40,40.75,60.35,12.07,1.17,21.07,33.07,82.66,2024,dashboard_simple_all_resources
EcoEnergy Operaciones S.A.,Planta Norte,Metropolitana,2025,6,2726.56,920.95,321.73,1307.75,0.21,21.50,28.00,23.42,9.92,17.16,236.27,129.95,39.40,47.28,16.46,22.23,53.67,50.99,8.18,98.14,506.68,40.53,61.47,12.29,1.15,20.70,33.68,84.21,2024,dashboard_simple_all_resources
EcoEnergy Operaciones S.A.,Planta Norte,Metropolitana,2025,7,2691.93,915.77,317.65,1300.39,0.21,21.20,29.80,23.42,9.92,15.66,229.90,126.45,38.41,46.10,16.80,22.68,54.01,51.31,7.96,95.50,502.16,40.17,62.60,12.52,1.13,20.33,34.30,85.75,2024,dashboard_simple_all_resources
EcoEnergy Operaciones S.A.,Planta Norte,Metropolitana,2025,8,2667.85,922.36,314.81,1309.75,0.21,20.98,29.80,23.42,9.92,15.88,224.64,123.55,37.69,45.23,17.14,23.13,54.94,52.19,7.78,93.31,499.57,39.97,63.73,12.75,1.12,20.07,34.92,87.29,2024,dashboard_simple_all_resources
EcoEnergy Operaciones S.A.,Planta Norte,Metropolitana,2025,9,2671.86,943.24,315.28,1339.40,0.21,20.90,28.00,23.42,9.92,17.76,221.88,122.04,37.43,44.92,17.38,23.47,56.20,53.39,7.68,92.17,502.23,40.18,64.85,12.97,1.11,20.00,35.53,88.84,2024,dashboard_simple_all_resources
EcoEnergy Operaciones S.A.,Planta Norte,Metropolitana,2025,10,2482.49,893.62,292.93,1268.95,0.20,20.98,28.00,23.42,9.92,17.68,222.37,122.31,37.69,45.23,17.47,23.59,57.46,54.59,7.70,92.37,468.40,37.47,60.35,12.07,1.11,20.02,33.07,82.66,2024,dashboard_simple_all_resources
EcoEnergy Operaciones S.A.,Planta Norte,Metropolitana,2025,11,2560.35,933.32,302.12,1325.31,0.20,21.20,28.00,23.42,9.92,17.46,225.98,124.29,38.41,46.10,17.38,23.47,58.39,55.47,7.82,93.87,484.91,38.79,61.47,12.29,1.13,20.34,33.68,84.21,2024,dashboard_simple_all_resources
EcoEnergy Operaciones S.A.,Planta Norte,Metropolitana,2025,12,2663.77,973.70,314.32,1382.65,0.21,21.50,28.00,23.42,9.92,17.16,231.73,127.45,39.40,47.28,17.14,23.13,58.73,55.79,8.02,96.26,506.39,40.51,62.60,12.52,1.15,20.76,34.30,85.75,2024,dashboard_simple_all_resources
EcoEnergy Operaciones S.A.,Planta Norte,Metropolitana,2026,1,2726.72,989.86,321.75,1405.60,0.22,21.80,29.80,23.42,9.92,15.06,238.10,130.95,40.38,48.46,16.80,22.68,58.39,55.47,8.24,98.90,520.30,41.62,62.60,12.52,1.17,21.15,34.30,85.75,2024,dashboard_simple_all_resources
EcoEnergy Operaciones S.A.,Planta Norte,Metropolitana,2026,2,2837.18,1014.76,334.79,1440.96,0.23,22.02,29.80,23.42,9.92,14.84,243.36,133.85,41.11,49.33,16.46,22.23,57.46,54.59,8.42,101.09,543.40,43.47,63.73,12.75,1.19,21.45,34.92,87.29,2024,dashboard_simple_all_resources
EcoEnergy Operaciones S.A.,Planta Norte,Metropolitana,2026,3,2920.06,1025.49,344.57,1456.20,0.24,22.10,28.00,23.42,9.92,16.56,246.12,135.36,41.37,49.64,16.22,21.89,56.20,53.39,8.52,102.23,561.35,44.91,64.85,12.97,1.20,21.57,35.53,88.84,2024,dashboard_simple_all_resources
EcoEnergy Operaciones S.A.,Planta Norte,Metropolitana,2026,4,2711.71,935.89,319.98,1328.96,0.22,22.02,28.00,23.42,9.92,16.64,245.63,135.09,41.11,49.33,16.13,21.77,54.94,52.19,8.50,102.03,523.23,41.86,60.35,12.07,1.19,21.37,33.07,82.66,2024,dashboard_simple_all_resources
EcoEnergy Operaciones S.A.,Planta Norte,Metropolitana,2026,5,2721.80,927.84,321.17,1317.54,0.22,21.80,28.00,23.42,9.92,16.86,242.02,133.11,40.38,48.46,16.22,21.89,54.01,51.31,8.38,100.53,527.11,42.17,61.47,12.29,1.17,21.10,33.68,84.21,2024,dashboard_simple_all_resources
EcoEnergy Operaciones S.A.,Planta Norte,Metropolitana,2026,6,2705.79,918.87,319.28,1304.79,0.22,21.50,28.00,23.42,9.92,17.16,236.27,129.95,39.40,47.28,16.46,22.23,53.67,50.99,8.18,98.14,525.94,42.08,62.60,12.52,1.15,20.72,34.30,85.75,2024,dashboard_simple_all_resources
EcoEnergy Operaciones S.A.,Planta Sur,Biobio,2024,7,2687.72,892.14,317.15,1266.84,0.22,21.50,30.00,23.84,10.04,14.62,221.88,122.03,35.89,43.07,16.00,21.59,49.92,47.42,7.48,89.78,526.79,42.14,58.83,11.77,1.07,19.26,32.04,80.11,2024,dashboard_simple_all_resources
EcoEnergy Operaciones S.A.,Planta Sur,Biobio,2024,8,2479.18,835.94,292.54,1187.03,0.20,21.28,30.00,23.84,10.04,14.84,216.89,119.29,35.21,42.26,16.32,22.03,50.78,48.24,7.31,87.76,487.86,39.03,55.71,11.14,1.05,18.93,30.34,75.86,2024,dashboard_simple_all_resources
EcoEnergy Operaciones S.A.,Planta Sur,Biobio,2024,9,2519.55,871.46,297.31,1237.48,0.21,21.20,28.20,23.84,10.04,16.72,213.23,117.28,34.97,41.96,16.55,22.34,51.94,49.35,7.19,86.29,497.78,39.82,57.79,11.56,1.05,18.82,31.48,78.69,2024,dashboard_simple_all_resources
EcoEnergy Operaciones S.A.,Planta Sur,Biobio,2024,10,2584.73,919.32,305.00,1305.44,0.22,21.28,28.20,23.84,10.04,16.64,211.90,116.54,35.21,42.26,16.64,22.46,53.11,50.46,7.15,85.74,512.69,41.01,59.87,11.97,1.05,18.86,32.61,81.52,2024,dashboard_simple_all_resources
EcoEnergy Operaciones S.A.,Planta Sur,Biobio,2024,11,2456.75,893.52,289.90,1268.79,0.21,21.50,28.20,23.84,10.04,16.42,213.23,117.28,35.89,43.07,16.55,22.34,53.97,51.27,7.19,86.29,489.23,39.14,56.75,11.35,1.05,18.95,30.91,77.27,2024,dashboard_simple_all_resources
EcoEnergy Operaciones S.A.,Planta Sur,Biobio,2024,12,2581.27,949.05,304.59,1347.65,0.22,21.80,28.20,23.84,10.04,16.12,216.89,119.29,36.81,44.17,16.32,22.03,54.28,51.57,7.31,87.76,516.05,41.28,58.83,11.77,1.07,19.26,32.04,80.11,2024,dashboard_simple_all_resources
EcoEnergy Operaciones S.A.,Planta Sur,Biobio,2025,1,2584.76,947.83,305.00,1345.93,0.22,22.10,30.00,23.84,10.04,14.02,221.88,122.03,37.73,45.27,16.00,21.59,53.97,51.27,7.48,89.78,518.77,41.50,57.79,11.56,1.09,19.55,31.48,78.69,2024,dashboard_simple_all_resources
EcoEnergy Operaciones S.A.,Planta Sur,Biobio,2025,2,2728.27,986.05,321.94,1400.19,0.23,22.32,30.00,23.84,10.04,13.80,226.87,124.78,38.40,46.08,15.68,21.16,53.11,50.46,7.65,91.80,549.71,43.98,59.87,11.97,1.10,19.85,32.61,81.52,2024,dashboard_simple_all_resources
EcoEnergy Operaciones S.A.,Planta Sur,Biobio,2025,3,2618.29,925.47,308.96,1314.17,0.22,22.40,28.20,23.84,10.04,15.52,230.53,126.79,38.65,46.38,15.44,20.85,51.94,49.35,7.77,93.28,529.61,42.37,56.75,11.35,1.11,19.94,30.91,77.27,2024,dashboard_simple_all_resources
EcoEnergy Operaciones S.A.,Planta Sur,Biobio,2025,4,2720.20,938.27,320.98,1332.34,0.23,22.32,28.20,23.84,10.04,15.60,231.86,127.53,38.40,46.08,15.36,20.73,50.78,48.24,7.82,93.82,552.35,44.19,58.83,11.77,1.11,19.99,32.04,80.11,2024,dashboard_simple_all_resources
EcoEnergy Operaciones S.A.,Planta Sur,Biobio,2025,5,2551.79,862.23,301.11,1224.37,0.22,22.10,28.20,23.84,10.04,15.82,230.53,126.79,37.73,45.27,15.44,20.85,49.92,47.42,7.77,93.28,520.16,41.61,55.71,11.14,1.10,19.77,30.34,75.86,2024,dashboard_simple_all_resources
EcoEnergy Operaciones S.A.,Planta Sur,Biobio,2025,6,2595.67,867.33,306.29,1231.61,0.22,21.80,28.20,23.84,10.04,16.12,226.87,124.78,36.81,44.17,15.68,21.16,49.61,47.13,7.65,91.80,531.14,42.49,57.79,11.56,1.09,19.55,31.48,78.69,2024,dashboard_simple_all_resources
EcoEnergy Operaciones S.A.,Planta Sur,Biobio,2025,7,2620.37,877.41,309.20,1245.93,0.23,21.50,30.00,23.84,10.04,14.62,221.88,122.03,35.89,43.07,16.00,21.59,49.92,47.42,7.48,89.78,538.24,43.06,59.87,11.97,1.07,19.28,32.61,81.52,2024,dashboard_simple_all_resources
EcoEnergy Operaciones S.A.,Planta Sur,Biobio,2025,8,2419.03,822.85,285.45,1168.45,0.21,21.28,30.00,23.84,10.04,14.84,216.89,119.29,35.21,42.26,16.32,22.03,50.78,48.24,7.31,87.76,498.78,39.90,56.75,11.35,1.05,18.95,30.91,77.27,2024,dashboard_simple_all_resources
EcoEnergy Operaciones S.A.,Planta Sur,Biobio,2025,9,2456.41,857.17,289.86,1217.18,0.21,21.20,28.20,23.84,10.04,16.72,213.23,117.28,34.97,41.96,16.55,22.34,51.94,49.35,7.19,86.29,508.42,40.67,58.83,11.77,1.05,18.84,32.04,80.11,2024,dashboard_simple_all_resources
EcoEnergy Operaciones S.A.,Planta Sur,Biobio,2025,10,2303.01,826.45,271.76,1173.55,0.20,21.28,28.20,23.84,10.04,16.64,211.90,116.54,35.21,42.26,16.64,22.46,53.11,50.46,7.15,85.74,478.47,38.28,55.71,11.14,1.04,18.78,30.34,75.86,2024,dashboard_simple_all_resources
EcoEnergy Operaciones S.A.,Planta Sur,Biobio,2025,11,2395.22,878.98,282.64,1248.14,0.21,21.50,28.20,23.84,10.04,16.42,213.23,117.28,35.89,43.07,16.55,22.34,53.97,51.27,7.19,86.29,499.51,39.96,57.79,11.56,1.05,18.98,31.48,78.69,2024,dashboard_simple_all_resources
EcoEnergy Operaciones S.A.,Planta Sur,Biobio,2025,12,2514.62,932.92,296.73,1324.74,0.22,21.80,28.20,23.84,10.04,16.12,216.89,119.29,36.81,44.17,16.32,22.03,54.28,51.57,7.31,87.76,526.38,42.11,59.87,11.97,1.07,19.28,32.61,81.52,2024,dashboard_simple_all_resources
EcoEnergy Operaciones S.A.,Planta Sur,Biobio,2026,1,2518.40,931.92,297.17,1323.33,0.22,22.10,30.00,23.84,10.04,14.02,221.88,122.03,37.73,45.27,16.00,21.59,53.97,51.27,7.48,89.78,529.15,42.33,58.83,11.77,1.09,19.57,32.04,80.11,2024,dashboard_simple_all_resources
EcoEnergy Operaciones S.A.,Planta Sur,Biobio,2026,2,2438.47,888.69,287.74,1261.95,0.22,22.32,30.00,23.84,10.04,13.80,226.87,124.78,38.40,46.08,15.68,21.16,53.11,50.46,7.65,91.80,514.26,41.14,55.71,11.14,1.10,19.77,30.34,75.86,2024,dashboard_simple_all_resources
EcoEnergy Operaciones S.A.,Planta Sur,Biobio,2026,3,2570.28,915.44,303.29,1299.93,0.23,22.40,28.20,23.84,10.04,15.52,230.53,126.79,38.65,46.38,15.44,20.85,51.94,49.35,7.77,93.28,544.08,43.53,57.79,11.56,1.11,19.96,31.48,78.69,2024,dashboard_simple_all_resources
EcoEnergy Operaciones S.A.,Planta Sur,Biobio,2026,4,2678.26,930.17,316.03,1320.85,0.24,22.32,28.20,23.84,10.04,15.60,231.86,127.53,38.40,46.08,15.36,20.73,50.78,48.24,7.82,93.82,569.03,45.52,59.87,11.97,1.11,20.01,32.61,81.52,2024,dashboard_simple_all_resources
EcoEnergy Operaciones S.A.,Planta Sur,Biobio,2026,5,2524.01,858.09,297.83,1218.49,0.23,22.10,28.20,23.84,10.04,15.82,230.53,126.79,37.73,45.27,15.44,20.85,49.92,47.42,7.77,93.28,538.24,43.06,56.75,11.35,1.10,19.79,30.91,77.27,2024,dashboard_simple_all_resources
EcoEnergy Operaciones S.A.,Planta Sur,Biobio,2026,6,2575.06,865.09,303.86,1228.43,0.23,21.80,28.20,23.84,10.04,16.12,226.87,124.78,36.81,44.17,15.68,21.16,49.61,47.13,7.65,91.80,551.15,44.09,58.83,11.77,1.09,19.57,32.04,80.11,2024,dashboard_simple_all_resources
Industrias Atlas Ficticia S.A.,Centro Logistico Costa,Valparaiso,2024,7,2316.42,756.87,273.34,1074.75,0.21,21.80,30.20,24.26,10.16,13.58,206.59,113.63,32.43,38.92,14.69,19.83,44.70,42.46,6.81,81.76,495.71,39.66,49.83,9.97,0.98,17.57,27.00,67.50,2024,dashboard_simple_all_resources
Industrias Atlas Ficticia S.A.,Centro Logistico Costa,Valparaiso,2024,8,2372.48,790.86,279.95,1123.02,0.21,21.58,30.20,24.26,10.16,13.80,201.07,110.59,31.82,38.19,14.98,20.23,45.47,43.19,6.63,79.57,509.74,40.78,52.63,10.53,0.96,17.33,28.51,71.28,2024,dashboard_simple_all_resources
Industrias Atlas Ficticia S.A.,Centro Logistico Costa,Valparaiso,2024,9,2223.91,766.68,262.42,1088.69,0.20,21.50,28.40,24.26,10.16,15.68,196.08,107.84,31.60,37.92,15.20,20.52,46.51,44.19,6.47,77.60,479.72,38.38,50.77,10.15,0.95,17.06,27.50,68.76,2024,dashboard_simple_all_resources
Industrias Atlas Ficticia S.A.,Centro Logistico Costa,Valparaiso,2024,10,2300.63,823.61,271.47,1169.53,0.21,21.58,28.40,24.26,10.16,15.60,192.95,106.12,31.82,38.19,15.28,20.62,47.56,45.18,6.36,76.36,498.24,39.86,53.56,10.71,0.94,17.00,29.02,72.54,2024,dashboard_simple_all_resources
Industrias Atlas Ficticia S.A.,Centro Logistico Costa,Valparaiso,2024,11,2207.96,815.17,260.54,1157.54,0.20,21.80,28.40,24.26,10.16,15.38,192.53,105.89,32.43,38.92,15.20,20.52,48.32,45.91,6.35,76.19,480.06,38.41,51.70,10.34,0.94,17.01,28.01,70.02,2024,dashboard_simple_all_resources
Industrias Atlas Ficticia S.A.,Centro Logistico Costa,Valparaiso,2024,12,2147.27,805.14,253.38,1143.31,0.20,22.10,28.40,24.26,10.16,15.08,194.92,107.21,33.26,39.92,14.98,20.23,48.61,46.17,6.43,77.14,468.71,37.50,49.83,9.97,0.95,17.16,27.00,67.50,2024,dashboard_simple_all_resources
Industrias Atlas Ficticia S.A.,Centro Logistico Costa,Valparaiso,2025,1,2312.43,864.44,272.87,1227.51,0.21,22.40,30.20,24.26,10.16,12.98,199.49,109.72,34.10,40.91,14.69,19.83,48.32,45.91,6.58,78.95,506.74,40.54,52.63,10.53,0.97,17.49,28.51,71.28,2024,dashboard_simple_all_resources
Industrias Atlas Ficticia S.A.,Centro Logistico Costa,Valparaiso,2025,2,2284.19,837.35,269.53,1189.03,0.21,22.62,30.20,24.26,10.16,12.76,205.01,112.75,34.70,41.65,14.39,19.43,47.56,45.18,6.76,81.13,502.50,40.20,50.77,10.15,0.99,17.75,27.50,68.76,2024,dashboard_simple_all_resources
Industrias Atlas Ficticia S.A.,Centro Logistico Costa,Valparaiso,2025,3,2459.64,874.72,290.24,1242.10,0.23,22.70,28.40,24.26,10.16,14.48,210.00,115.50,34.93,41.91,14.18,19.14,46.51,44.19,6.93,83.11,543.21,43.46,53.56,10.71,1.00,18.04,29.02,72.54,2024,dashboard_simple_all_resources
Industrias Atlas Ficticia S.A.,Centro Logistico Costa,Valparaiso,2025,4,2400.86,825.72,283.30,1172.53,0.22,22.62,28.40,24.26,10.16,14.56,213.13,117.22,34.70,41.65,14.10,19.04,45.47,43.19,7.03,84.34,532.28,42.58,51.70,10.34,1.01,18.11,28.01,70.02,2024,dashboard_simple_all_resources
Industrias Atlas Ficticia S.A.,Centro Logistico Costa,Valparaiso,2025,5,2310.66,772.47,272.66,1096.91,0.22,22.40,28.40,24.26,10.16,14.78,213.55,117.45,34.10,40.91,14.18,19.14,44.70,42.46,7.04,84.51,514.26,41.14,49.83,9.97,1.00,18.03,27.00,67.50,2024,dashboard_simple_all_resources
Industrias Atlas Ficticia S.A.,Centro Logistico Costa,Valparaiso,2025,6,2404.01,791.02,283.67,1123.25,0.23,22.10,28.40,24.26,10.16,15.08,211.16,116.14,33.26,39.92,14.39,19.43,44.42,42.20,6.96,83.57,537.09,42.97,52.63,10.53,0.99,17.90,28.51,71.28,2024,dashboard_simple_all_resources
Industrias Atlas Ficticia S.A.,Centro Logistico Costa,Valparaiso,2025,7,2260.57,745.09,266.75,1058.03,0.21,21.80,30.20,24.26,10.16,13.58,206.59,113.63,32.43,38.92,14.69,19.83,44.70,42.46,6.81,81.76,506.98,40.56,50.77,10.15,0.98,17.59,27.50,68.76,2024,dashboard_simple_all_resources
Industrias Atlas Ficticia S.A.,Centro Logistico Costa,Valparaiso,2025,8,2312.67,777.73,272.90,1104.37,0.22,21.58,30.20,24.26,10.16,13.80,201.07,110.59,31.82,38.19,14.98,20.23,45.47,43.19,6.63,79.57,520.65,41.65,53.56,10.71,0.96,17.35,29.02,72.54,2024,dashboard_simple_all_resources
Industrias Atlas Ficticia S.A.,Centro Logistico Costa,Valparaiso,2025,9,2168.89,754.36,255.93,1071.18,0.21,21.50,28.40,24.26,10.16,15.68,196.08,107.84,31.60,37.92,15.20,20.52,46.51,44.19,6.47,77.60,490.13,39.21,51.70,10.34,0.95,17.08,28.01,70.02,2024,dashboard_simple_all_resources
Industrias Atlas Ficticia S.A.,Centro Logistico Costa,Valparaiso,2025,10,2049.88,740.41,241.89,1051.38,0.20,21.58,28.40,24.26,10.16,15.60,192.95,106.12,31.82,38.19,15.28,20.62,47.56,45.18,6.36,76.36,464.99,37.20,49.83,9.97,0.94,16.93,27.00,67.50,2024,dashboard_simple_all_resources
Industrias Atlas Ficticia S.A.,Centro Logistico Costa,Valparaiso,2025,11,2151.96,801.64,253.93,1138.33,0.21,21.80,28.40,24.26,10.16,15.38,192.53,105.89,32.43,38.92,15.20,20.52,48.32,45.91,6.35,76.19,489.99,39.20,52.63,10.53,0.95,17.03,28.51,71.28,2024,dashboard_simple_all_resources
Industrias Atlas Ficticia S.A.,Centro Logistico Costa,Valparaiso,2025,12,2093.86,792.23,247.08,1124.97,0.20,22.10,28.40,24.26,10.16,15.08,194.92,107.21,33.26,39.92,14.98,20.23,48.61,46.17,6.43,77.14,478.56,38.28,50.77,10.15,0.95,17.17,27.50,68.76,2024,dashboard_simple_all_resources
Industrias Atlas Ficticia S.A.,Centro Logistico Costa,Valparaiso,2026,1,2252.36,849.66,265.78,1206.52,0.22,22.40,30.20,24.26,10.16,12.98,199.49,109.72,34.10,40.91,14.69,19.83,48.32,45.91,6.58,78.95,516.71,41.34,53.56,10.71,0.97,17.51,29.02,72.54,2024,dashboard_simple_all_resources
Industrias Atlas Ficticia S.A.,Centro Logistico Costa,Valparaiso,2026,2,2234.26,825.91,263.64,1172.79,0.22,22.62,30.20,24.26,10.16,12.76,205.01,112.75,34.70,41.65,14.39,19.43,47.56,45.18,6.76,81.13,514.47,41.16,51.70,10.34,0.99,17.77,28.01,70.02,2024,dashboard_simple_all_resources
Industrias Atlas Ficticia S.A.,Centro Logistico Costa,Valparaiso,2026,3,2206.29,790.61,260.34,1122.67,0.21,22.70,28.40,24.26,10.16,14.48,210.00,115.50,34.93,41.91,14.18,19.14,46.51,44.19,6.93,83.11,509.92,40.79,49.83,9.97,1.00,17.96,27.00,67.50,2024,dashboard_simple_all_resources
Industrias Atlas Ficticia S.A.,Centro Logistico Costa,Valparaiso,2026,4,2364.58,818.86,279.02,1162.78,0.23,22.62,28.40,24.26,10.16,14.56,213.13,117.22,34.70,41.65,14.10,19.04,45.47,43.19,7.03,84.34,548.53,43.88,52.63,10.53,1.01,18.13,28.51,71.28,2024,dashboard_simple_all_resources
Industrias Atlas Ficticia S.A.,Centro Logistico Costa,Valparaiso,2026,5,2285.51,768.76,269.69,1091.64,0.22,22.40,28.40,24.26,10.16,14.78,213.55,117.45,34.10,40.91,14.18,19.14,44.70,42.46,7.04,84.51,532.14,42.57,50.77,10.15,1.00,18.05,27.50,68.76,2024,dashboard_simple_all_resources
Industrias Atlas Ficticia S.A.,Centro Logistico Costa,Valparaiso,2026,6,2384.18,788.73,281.33,1120.00,0.23,22.10,28.40,24.26,10.16,15.08,211.16,116.14,33.26,39.92,14.39,19.43,44.42,42.20,6.96,83.57,557.15,44.57,53.56,10.71,1.00,17.92,29.02,72.54,2024,dashboard_simple_all_resources
Industrias Atlas Ficticia S.A.,Complejo Termico Andes,Antofagasta,2024,7,4243.03,1371.03,500.68,1946.86,0.41,22.10,30.40,24.68,10.28,12.54,372.02,204.61,57.06,68.48,26.20,35.36,78.02,74.12,12.04,144.43,984.38,78.75,90.15,18.03,1.74,31.27,48.62,121.54,2024,dashboard_simple_all_resources
Industrias Atlas Ficticia S.A.,Complejo Termico Andes,Antofagasta,2024,8,4009.77,1332.19,473.15,1891.72,0.39,21.88,30.40,24.68,10.28,12.76,359.27,197.60,55.99,67.19,26.72,36.07,79.36,75.39,11.62,139.48,933.99,74.72,88.53,17.71,1.70,30.54,47.74,119.35,2024,dashboard_simple_all_resources
Industrias Atlas Ficticia S.A.,Complejo Termico Andes,Antofagasta,2024,9,3788.52,1314.27,447.05,1866.27,0.37,21.80,28.60,24.68,10.28,14.64,347.01,190.85,55.60,66.72,27.10,36.59,81.18,77.12,11.23,134.72,885.97,70.88,86.91,17.38,1.66,29.90,46.87,117.16,2024,dashboard_simple_all_resources
Industrias Atlas Ficticia S.A.,Complejo Termico Andes,Antofagasta,2024,10,3957.80,1438.23,467.02,2042.28,0.39,21.88,28.60,24.68,10.28,14.56,338.51,186.18,55.99,67.19,27.24,36.78,83.01,78.86,10.95,131.42,929.23,74.34,93.40,18.68,1.65,29.67,50.37,125.92,2024,dashboard_simple_all_resources
Industrias Atlas Ficticia S.A.,Complejo Termico Andes,Antofagasta,2024,11,3847.25,1449.10,453.98,2057.72,0.38,22.10,28.60,24.68,10.28,14.34,336.06,184.84,57.06,68.48,27.10,36.59,84.35,80.13,10.87,130.47,906.84,72.55,91.77,18.35,1.65,29.61,49.49,123.73,2024,dashboard_simple_all_resources
Industrias Atlas Ficticia S.A.,Complejo Termico Andes,Antofagasta,2024,12,3813.48,1458.48,449.99,2071.04,0.38,22.40,28.60,24.68,10.28,14.04,340.32,187.17,58.53,70.23,26.72,36.07,84.84,80.60,11.01,132.12,902.42,72.19,90.15,18.03,1.66,29.91,48.62,121.54,2024,dashboard_simple_all_resources
Industrias Atlas Ficticia S.A.,Complejo Termico Andes,Antofagasta,2025,1,4050.26,1536.21,477.93,2181.43,0.40,22.70,30.40,24.68,10.28,11.94,350.14,192.57,59.99,71.99,26.20,35.36,84.35,80.13,11.33,135.93,962.21,76.98,93.40,18.68,1.70,30.56,50.37,125.92,2024,dashboard_simple_all_resources
Industrias Atlas Ficticia S.A.,Complejo Termico Andes,Antofagasta,2025,2,4110.06,1515.81,484.99,2152.45,0.41,22.92,30.40,24.68,10.28,11.72,362.89,199.59,61.06,73.27,25.67,34.66,83.01,78.86,11.74,140.88,980.23,78.42,91.77,18.35,1.73,31.22,49.49,123.73,2024,dashboard_simple_all_resources
Industrias Atlas Ficticia S.A.,Complejo Termico Andes,Antofagasta,2025,3,4158.89,1474.39,490.75,2093.63,0.42,23.00,28.60,24.68,10.28,13.44,375.15,206.33,61.45,73.75,25.29,34.14,81.18,77.12,12.14,145.65,995.74,79.66,90.15,18.03,1.77,31.79,48.62,121.54,2024,dashboard_simple_all_resources
Industrias Atlas Ficticia S.A.,Complejo Termico Andes,Antofagasta,2025,4,4161.48,1415.96,491.05,2010.66,0.42,22.92,28.60,24.68,10.28,13.52,383.65,211.01,61.06,73.27,25.15,33.95,79.36,75.39,12.41,148.95,1000.22,80.02,88.53,17.71,1.78,32.12,47.74,119.35,2024,dashboard_simple_all_resources
Industrias Atlas Ficticia S.A.,Complejo Termico Andes,Antofagasta,2025,5,4096.42,1348.92,483.38,1915.46,0.42,22.70,28.60,24.68,10.28,13.74,386.10,212.35,59.99,71.99,25.29,34.14,78.02,74.12,12.49,149.90,988.38,79.07,86.91,17.38,1.78,32.11,46.87,117.16,2024,dashboard_simple_all_resources
Industrias Atlas Ficticia S.A.,Complejo Termico Andes,Antofagasta,2025,6,4338.07,1405.74,511.89,1996.15,0.44,22.40,28.60,24.68,10.28,14.04,381.84,210.01,58.53,70.23,25.67,34.66,77.53,73.65,12.35,148.24,1050.72,84.06,93.40,18.68,1.77,31.92,50.37,125.92,2024,dashboard_simple_all_resources
Industrias Atlas Ficticia S.A.,Complejo Termico Andes,Antofagasta,2025,7,4137.99,1348.81,488.28,1915.31,0.42,22.10,30.40,24.68,10.28,12.54,372.02,204.61,57.06,68.48,26.20,35.36,78.02,74.12,12.04,144.43,1006.09,80.49,91.77,18.35,1.74,31.30,49.49,123.73,2024,dashboard_simple_all_resources
Industrias Atlas Ficticia S.A.,Complejo Termico Andes,Antofagasta,2025,8,3911.17,1310.90,461.52,1861.48,0.40,21.88,30.40,24.68,10.28,12.76,359.27,197.60,55.99,67.19,26.72,36.07,79.36,75.39,11.62,139.48,954.58,76.37,90.15,18.03,1.70,30.58,48.62,121.54,2024,dashboard_simple_all_resources
Industrias Atlas Ficticia S.A.,Complejo Termico Andes,Antofagasta,2025,9,3696.03,1293.57,436.13,1836.88,0.38,21.80,28.60,24.68,10.28,14.64,347.01,190.85,55.60,66.72,27.10,36.59,81.18,77.12,11.23,134.72,905.50,72.44,88.53,17.71,1.66,29.93,47.74,119.35,2024,dashboard_simple_all_resources
Industrias Atlas Ficticia S.A.,Complejo Termico Andes,Antofagasta,2025,10,3526.43,1292.93,416.12,1835.96,0.36,21.88,28.60,24.68,10.28,14.56,338.51,186.18,55.99,67.19,27.24,36.78,83.01,78.86,10.95,131.42,867.22,69.38,86.91,17.38,1.64,29.54,46.87,117.16,2024,dashboard_simple_all_resources
Industrias Atlas Ficticia S.A.,Complejo Termico Andes,Antofagasta,2025,11,3748.50,1424.61,442.32,2022.95,0.39,22.10,28.60,24.68,10.28,14.34,336.06,184.84,57.06,68.48,27.10,36.59,84.35,80.13,10.87,130.47,925.31,74.02,93.40,18.68,1.65,29.65,50.37,125.92,2024,dashboard_simple_all_resources
Industrias Atlas Ficticia S.A.,Complejo Termico Andes,Antofagasta,2025,12,3716.17,1434.14,438.51,2036.48,0.39,22.40,28.60,24.68,10.28,14.04,340.32,187.17,58.53,70.23,26.72,36.07,84.84,80.60,11.01,132.12,920.78,73.66,91.77,18.35,1.66,29.94,49.49,123.73,2024,dashboard_simple_all_resources
Industrias Atlas Ficticia S.A.,Complejo Termico Andes,Antofagasta,2026,1,3607.09,1380.60,425.64,1960.45,0.38,22.70,30.40,24.68,10.28,11.94,350.14,192.57,59.99,71.99,26.20,35.36,84.35,80.13,11.33,135.93,897.10,71.77,86.91,17.38,1.69,30.43,46.87,117.16,2024,dashboard_simple_all_resources
Industrias Atlas Ficticia S.A.,Complejo Termico Andes,Antofagasta,2026,2,4017.66,1494.15,474.08,2121.70,0.42,22.92,30.40,24.68,10.28,11.72,362.89,199.59,61.06,73.27,25.67,34.66,83.01,78.86,11.74,140.88,1002.94,80.23,93.40,18.68,1.74,31.25,50.37,125.92,2024,dashboard_simple_all_resources
Industrias Atlas Ficticia S.A.,Complejo Termico Andes,Antofagasta,2026,3,4081.30,1457.94,481.59,2070.27,0.43,23.00,28.60,24.68,10.28,13.44,375.15,206.33,61.45,73.75,25.29,34.14,81.18,77.12,12.14,145.65,1022.61,81.81,91.77,18.35,1.77,31.83,49.49,123.73,2024,dashboard_simple_all_resources
Industrias Atlas Ficticia S.A.,Complejo Termico Andes,Antofagasta,2026,4,4099.93,1404.64,483.79,1994.59,0.43,22.92,28.60,24.68,10.28,13.52,383.65,211.01,61.06,73.27,25.15,33.95,79.36,75.39,12.41,148.95,1031.08,82.49,90.15,18.03,1.79,32.16,48.62,121.54,2024,dashboard_simple_all_resources
Industrias Atlas Ficticia S.A.,Complejo Termico Andes,Antofagasta,2026,5,4051.83,1342.44,478.12,1906.26,0.43,22.70,28.60,24.68,10.28,13.74,386.10,212.35,59.99,71.99,25.29,34.14,78.02,74.12,12.49,149.90,1022.75,81.82,88.53,17.71,1.79,32.15,47.74,119.35,2024,dashboard_simple_all_resources
Industrias Atlas Ficticia S.A.,Complejo Termico Andes,Antofagasta,2026,6,3933.73,1281.59,464.18,1819.86,0.42,22.40,28.60,24.68,10.28,14.04,381.84,210.01,58.53,70.23,25.67,34.66,77.53,73.65,12.35,148.24,996.59,79.73,86.91,17.38,1.77,31.79,46.87,117.16,2024,dashboard_simple_all_resources
Servicios Energeticos del Pacifico SpA,Campus Renovable,Coquimbo,2024,7,2539.11,817.74,299.62,1161.19,0.27,22.40,30.60,25.10,10.40,11.50,218.59,120.23,33.07,39.69,15.36,20.74,44.90,42.65,6.96,83.46,634.78,50.78,53.71,10.74,1.01,18.23,28.84,72.11,2024,dashboard_simple_all_resources
Servicios Energeticos del Pacifico SpA,Campus Renovable,Coquimbo,2024,8,2420.98,809.14,285.68,1148.98,0.26,22.18,30.60,25.10,10.40,11.72,209.15,115.03,32.45,38.94,15.67,21.15,45.67,43.39,6.65,79.86,607.66,48.61,53.71,10.74,0.98,17.71,28.84,72.11,2024,dashboard_simple_all_resources
Servicios Energeticos del Pacifico SpA,Campus Renovable,Coquimbo,2024,9,2309.93,813.16,272.57,1154.69,0.24,22.10,28.80,25.10,10.40,13.60,200.26,110.14,32.22,38.67,15.89,21.45,46.72,44.38,6.37,76.46,582.10,46.57,53.71,10.74,0.96,17.26,28.84,72.11,2024,dashboard_simple_all_resources
Servicios Energeticos del Pacifico SpA,Campus Renovable,Coquimbo,2024,10,2233.29,828.01,263.53,1175.77,0.24,22.18,28.80,25.10,10.40,13.52,194.30,106.87,32.45,38.94,15.97,21.57,47.77,45.38,6.18,74.19,565.02,45.20,53.71,10.74,0.94,16.99,28.84,72.11,2024,dashboard_simple_all_resources
Servicios Energeticos del Pacifico SpA,Campus Renovable,Coquimbo,2024,11,2208.99,849.02,260.66,1205.61,0.24,22.40,28.80,25.10,10.40,13.30,192.87,106.08,33.07,39.69,15.89,21.45,48.54,46.11,6.14,73.64,561.08,44.89,53.71,10.74,0.94,16.98,28.84,72.11,2024,dashboard_simple_all_resources
Servicios Energeticos del Pacifico SpA,Campus Renovable,Coquimbo,2024,12,2240.84,869.90,264.42,1235.25,0.24,22.70,28.80,25.10,10.40,13.00,196.35,107.99,33.92,40.70,15.67,21.15,48.82,46.38,6.25,74.97,571.42,45.71,53.71,10.74,0.96,17.22,28.84,72.11,2024,dashboard_simple_all_resources
Servicios Energeticos del Pacifico SpA,Campus Renovable,Coquimbo,2025,1,2156.60,822.96,254.48,1168.60,0.23,23.00,30.60,25.10,10.40,10.90,203.81,112.09,34.77,41.72,15.36,20.74,48.54,46.11,6.48,77.82,552.09,44.17,49.97,9.99,0.98,17.59,26.84,67.09,2024,dashboard_simple_all_resources
Servicios Energeticos del Pacifico SpA,Campus Renovable,Coquimbo,2025,2,2248.40,826.39,265.31,1173.47,0.24,23.22,30.60,25.10,10.40,10.68,213.25,117.29,35.39,42.47,15.05,20.32,47.77,45.38,6.79,81.42,577.84,46.23,49.97,9.99,1.01,18.10,26.84,67.09,2024,dashboard_simple_all_resources
Servicios Energeticos del Pacifico SpA,Campus Renovable,Coquimbo,2025,3,2333.73,818.27,275.38,1161.94,0.25,23.30,28.80,25.10,10.40,12.40,222.14,122.18,35.62,42.74,14.83,20.02,46.72,44.38,7.07,84.82,602.10,48.17,49.97,9.99,1.03,18.55,26.84,67.09,2024,dashboard_simple_all_resources
Servicios Energeticos del Pacifico SpA,Campus Renovable,Coquimbo,2025,4,2387.71,800.25,281.75,1136.35,0.26,23.22,28.80,25.10,10.40,12.48,228.10,125.45,35.39,42.47,14.75,19.91,45.67,43.39,7.26,87.09,618.42,49.47,49.97,9.99,1.05,18.82,26.84,67.09,2024,dashboard_simple_all_resources
Servicios Energeticos del Pacifico SpA,Campus Renovable,Coquimbo,2025,5,2394.02,776.59,282.49,1102.76,0.26,23.00,28.80,25.10,10.40,12.70,229.53,126.24,34.77,41.72,14.83,20.02,44.90,42.65,7.30,87.64,622.45,49.80,49.97,9.99,1.05,18.84,26.84,67.09,2024,dashboard_simple_all_resources
Servicios Energeticos del Pacifico SpA,Campus Renovable,Coquimbo,2025,6,2349.19,753.06,277.20,1069.35,0.26,22.70,28.80,25.10,10.40,13.00,226.05,124.33,33.92,40.70,15.05,20.32,44.62,42.39,7.19,86.31,613.14,49.05,49.97,9.99,1.03,18.59,26.84,67.09,2024,dashboard_simple_all_resources
Servicios Energeticos del Pacifico SpA,Campus Renovable,Coquimbo,2025,7,2263.42,735.34,267.08,1044.18,0.25,22.40,30.60,25.10,10.40,11.50,218.59,120.23,33.07,39.69,15.36,20.74,44.90,42.65,6.96,83.46,593.02,47.44,49.97,9.99,1.01,18.15,26.84,67.09,2024,dashboard_simple_all_resources
Servicios Energeticos del Pacifico SpA,Campus Renovable,Coquimbo,2025,8,2157.78,727.54,254.62,1033.10,0.24,22.18,30.60,25.10,10.40,11.72,209.15,115.03,32.45,38.94,15.67,21.15,45.67,43.39,6.65,79.86,567.49,45.40,49.97,9.99,0.98,17.64,26.84,67.09,2024,dashboard_simple_all_resources
Servicios Energeticos del Pacifico SpA,Campus Renovable,Coquimbo,2025,9,2058.48,731.08,242.90,1038.13,0.23,22.10,28.80,25.10,10.40,13.60,200.26,110.14,32.22,38.67,15.89,21.45,46.72,44.38,6.37,76.46,543.44,43.48,49.97,9.99,0.95,17.18,26.84,67.09,2024,dashboard_simple_all_resources
Servicios Energeticos del Pacifico SpA,Campus Renovable,Coquimbo,2025,10,1989.87,744.36,234.81,1056.99,0.22,22.18,28.80,25.10,10.40,13.52,194.30,106.87,32.45,38.94,15.97,21.57,47.77,45.38,6.18,74.19,527.32,42.19,49.97,9.99,0.94,16.92,26.84,67.09,2024,dashboard_simple_all_resources
Servicios Energeticos del Pacifico SpA,Campus Renovable,Coquimbo,2025,11,1967.91,763.17,232.21,1083.70,0.22,22.40,28.80,25.10,10.40,13.30,192.87,106.08,33.07,39.69,15.89,21.45,48.54,46.11,6.14,73.64,523.46,41.88,49.97,9.99,0.94,16.90,26.84,67.09,2024,dashboard_simple_all_resources
Servicios Energeticos del Pacifico SpA,Campus Renovable,Coquimbo,2025,12,1995.98,781.86,235.53,1110.24,0.22,22.70,28.80,25.10,10.40,13.00,196.35,107.99,33.92,40.70,15.67,21.15,48.82,46.38,6.25,74.97,532.93,42.63,49.97,9.99,0.95,17.15,26.84,67.09,2024,dashboard_simple_all_resources
Servicios Energeticos del Pacifico SpA,Campus Renovable,Coquimbo,2026,1,2102.62,809.67,248.11,1149.74,0.24,23.00,30.60,25.10,10.40,10.90,203.81,112.09,34.77,41.72,15.36,20.74,48.54,46.11,6.48,77.82,563.50,45.08,50.91,10.18,0.98,17.60,27.34,68.35,2024,dashboard_simple_all_resources
Servicios Energeticos del Pacifico SpA,Campus Renovable,Coquimbo,2026,2,2199.99,815.37,259.60,1157.82,0.25,23.22,30.60,25.10,10.40,10.68,213.25,117.29,35.39,42.47,15.05,20.32,47.77,45.38,6.79,81.42,591.80,47.34,50.91,10.18,1.01,18.12,27.34,68.35,2024,dashboard_simple_all_resources
Servicios Energeticos del Pacifico SpA,Campus Renovable,Coquimbo,2026,3,2291.70,809.67,270.42,1149.74,0.26,23.30,28.80,25.10,10.40,12.40,222.14,122.18,35.62,42.74,14.83,20.02,46.72,44.38,7.07,84.82,618.76,49.50,50.91,10.18,1.03,18.57,27.34,68.35,2024,dashboard_simple_all_resources
Servicios Energeticos del Pacifico SpA,Campus Renovable,Coquimbo,2026,4,2353.19,794.12,277.68,1127.64,0.27,23.22,28.80,25.10,10.40,12.48,228.10,125.45,35.39,42.47,14.75,19.91,45.67,43.39,7.26,87.09,637.71,51.02,50.91,10.18,1.05,18.84,27.34,68.35,2024,dashboard_simple_all_resources
Servicios Energeticos del Pacifico SpA,Campus Renovable,Coquimbo,2026,5,2367.96,772.86,279.42,1097.46,0.27,23.00,28.80,25.10,10.40,12.70,229.53,126.24,34.77,41.72,14.83,20.02,44.90,42.65,7.30,87.64,644.09,51.53,50.91,10.18,1.05,18.85,27.34,68.35,2024,dashboard_simple_all_resources
Servicios Energeticos del Pacifico SpA,Campus Renovable,Coquimbo,2026,6,2332.08,751.61,275.18,1067.28,0.27,22.70,28.80,25.10,10.40,13.00,226.05,124.33,33.92,40.70,15.05,20.32,44.62,42.39,7.19,86.31,636.66,50.93,50.91,10.18,1.03,18.61,27.34,68.35,2024,dashboard_simple_all_resources
Manufacturas Andinas Integradas Ltda.,Bodega Austral,Los Lagos,2024,7,3085.68,999.38,364.11,1419.12,0.35,22.70,30.80,25.52,10.52,10.46,284.49,156.47,42.89,51.47,20.12,27.17,57.87,54.98,8.92,107.05,826.96,66.16,65.57,13.11,1.31,23.51,35.08,87.70,2024,dashboard_simple_all_resources
Manufacturas Andinas Integradas Ltda.,Bodega Austral,Los Lagos,2024,8,2970.75,1007.00,350.55,1429.94,0.34,22.48,30.80,25.52,10.52,10.68,269.91,148.45,42.09,50.50,20.53,27.71,58.86,55.92,8.46,101.56,799.34,63.95,66.77,13.35,1.26,22.73,35.72,89.31,2024,dashboard_simple_all_resources
Manufacturas Andinas Integradas Ltda.,Bodega Austral,Los Lagos,2024,9,2869.37,1030.22,338.59,1462.91,0.33,22.40,29.00,25.52,10.52,12.56,256.99,141.34,41.79,50.15,20.82,28.11,60.22,57.21,8.06,96.70,775.14,62.01,67.97,13.59,1.23,22.10,36.37,90.92,2024,dashboard_simple_all_resources
Manufacturas Andinas Integradas Ltda.,Bodega Austral,Los Lagos,2024,10,2821.59,1067.58,332.95,1515.97,0.32,22.48,29.00,25.52,10.52,12.48,249.20,137.06,42.09,50.50,20.93,28.25,61.57,58.49,7.81,93.77,765.26,61.22,69.17,13.83,1.21,21.77,37.01,92.53,2024,dashboard_simple_all_resources
Manufacturas Andinas Integradas Ltda.,Bodega Austral,Los Lagos,2024,11,2610.14,1018.59,308.00,1446.40,0.30,22.70,29.00,25.52,10.52,12.26,248.62,136.74,42.89,51.47,20.82,28.11,62.56,59.43,7.80,93.55,710.71,56.86,64.36,12.87,1.21,21.73,34.44,86.09,2024,dashboard_simple_all_resources
Manufacturas Andinas Integradas Ltda.,Bodega Austral,Los Lagos,2024,12,2721.81,1063.13,321.17,1509.64,0.31,23.00,29.00,25.52,10.52,11.96,255.41,140.48,43.99,52.79,20.53,27.71,62.93,59.78,8.01,96.10,744.03,59.52,65.57,13.11,1.23,22.20,35.08,87.70,2024,dashboard_simple_all_resources
Manufacturas Andinas Integradas Ltda.,Bodega Austral,Los Lagos,2025,1,2843.14,1080.88,335.49,1534.85,0.33,23.30,30.80,25.52,10.52,9.86,267.75,147.26,45.09,54.11,20.12,27.17,62.56,59.43,8.40,100.75,780.25,62.42,65.57,13.11,1.27,22.92,35.08,87.70,2024,dashboard_simple_all_resources
Manufacturas Andinas Integradas Ltda.,Bodega Austral,Los Lagos,2025,2,3042.02,1105.28,358.96,1569.49,0.35,23.52,30.80,25.52,10.52,9.64,282.33,155.28,45.90,55.08,19.72,26.62,61.57,58.49,8.85,106.23,838.09,67.05,66.77,13.35,1.32,23.74,35.72,89.31,2024,dashboard_simple_all_resources
Manufacturas Andinas Integradas Ltda.,Bodega Austral,Los Lagos,2025,3,3226.84,1114.12,380.77,1582.05,0.37,23.60,29.00,25.52,10.52,11.36,295.25,162.39,46.19,55.43,19.43,26.23,60.22,57.21,9.26,111.09,892.47,71.40,67.97,13.59,1.36,24.42,36.37,90.92,2024,dashboard_simple_all_resources
Manufacturas Andinas Integradas Ltda.,Bodega Austral,Los Lagos,2025,4,3358.42,1108.85,396.29,1574.57,0.39,23.52,29.00,25.52,10.52,11.44,303.04,166.67,45.90,55.08,19.32,26.08,58.86,55.92,9.50,114.03,932.46,74.60,69.17,13.83,1.38,24.80,37.01,92.53,2024,dashboard_simple_all_resources
Manufacturas Andinas Integradas Ltda.,Bodega Austral,Los Lagos,2025,5,3119.66,1001.29,368.12,1421.83,0.37,23.30,29.00,25.52,10.52,11.66,303.62,166.99,45.09,54.11,19.43,26.23,57.87,54.98,9.52,114.24,869.51,69.56,64.36,12.87,1.37,24.65,34.44,86.09,2024,dashboard_simple_all_resources
Manufacturas Andinas Integradas Ltda.,Bodega Austral,Los Lagos,2025,6,3095.57,989.08,365.28,1404.49,0.36,23.00,29.00,25.52,10.52,11.96,296.83,163.26,43.99,52.79,19.72,26.62,57.51,54.63,9.31,111.69,866.12,69.29,65.57,13.11,1.35,24.22,35.08,87.70,2024,dashboard_simple_all_resources
Manufacturas Andinas Integradas Ltda.,Bodega Austral,Los Lagos,2025,7,3010.27,983.51,355.21,1396.58,0.36,22.70,30.80,25.52,10.52,10.46,284.49,156.47,42.89,51.47,20.12,27.17,57.87,54.98,8.92,107.05,845.48,67.64,66.77,13.35,1.31,23.53,35.72,89.31,2024,dashboard_simple_all_resources
Manufacturas Andinas Integradas Ltda.,Bodega Austral,Los Lagos,2025,8,2896.76,990.58,341.82,1406.63,0.34,22.48,30.80,25.52,10.52,10.68,269.91,148.45,42.09,50.50,20.53,27.71,58.86,55.92,8.46,101.56,816.70,65.34,67.97,13.59,1.26,22.76,36.37,90.92,2024,dashboard_simple_all_resources
Manufacturas Andinas Integradas Ltda.,Bodega Austral,Los Lagos,2025,9,2796.60,1013.01,330.00,1438.47,0.33,22.40,29.00,25.52,10.52,12.56,256.99,141.34,41.79,50.15,20.82,28.11,60.22,57.21,8.06,96.70,791.46,63.32,69.17,13.83,1.23,22.12,37.01,92.53,2024,dashboard_simple_all_resources
Manufacturas Andinas Integradas Ltda.,Bodega Austral,Los Lagos,2025,10,2514.06,959.73,296.66,1362.81,0.30,22.48,29.00,25.52,10.52,12.48,249.20,137.06,42.09,50.50,20.93,28.25,61.57,58.49,7.81,93.77,714.19,57.14,64.36,12.87,1.20,21.67,34.44,86.09,2024,dashboard_simple_all_resources
Manufacturas Andinas Integradas Ltda.,Bodega Austral,Los Lagos,2025,11,2545.62,1002.35,300.38,1423.34,0.30,22.70,29.00,25.52,10.52,12.26,248.62,136.74,42.89,51.47,20.82,28.11,62.56,59.43,7.80,93.55,725.89,58.07,65.57,13.11,1.21,21.75,35.08,87.70,2024,dashboard_simple_all_resources
Manufacturas Andinas Integradas Ltda.,Bodega Austral,Los Lagos,2025,12,2653.21,1045.72,313.08,1484.93,0.32,23.00,29.00,25.52,10.52,11.96,255.41,140.48,43.99,52.79,20.53,27.71,62.93,59.78,8.01,96.10,759.41,60.75,66.77,13.35,1.23,22.22,35.72,89.31,2024,dashboard_simple_all_resources
Manufacturas Andinas Integradas Ltda.,Bodega Austral,Los Lagos,2026,1,2771.04,1063.08,326.98,1509.57,0.33,23.30,30.80,25.52,10.52,9.86,267.75,147.26,45.09,54.11,20.12,27.17,62.56,59.43,8.40,100.75,796.11,63.69,66.77,13.35,1.27,22.94,35.72,89.31,2024,dashboard_simple_all_resources
Manufacturas Andinas Integradas Ltda.,Bodega Austral,Los Lagos,2026,2,2974.56,1089.82,351.00,1547.55,0.36,23.52,30.80,25.52,10.52,9.64,282.33,155.28,45.90,55.08,19.72,26.62,61.57,58.49,8.85,106.23,857.77,68.62,67.97,13.59,1.32,23.76,36.37,90.92,2024,dashboard_simple_all_resources
Manufacturas Andinas Integradas Ltda.,Bodega Austral,Los Lagos,2026,3,3165.65,1101.35,373.55,1563.91,0.38,23.60,29.00,25.52,10.52,11.36,295.25,162.39,46.19,55.43,19.43,26.23,60.22,57.21,9.26,111.09,916.27,73.30,69.17,13.83,1.36,24.45,37.01,92.53,2024,dashboard_simple_all_resources
Manufacturas Andinas Integradas Ltda.,Bodega Austral,Los Lagos,2026,4,3023.38,1005.11,356.76,1427.26,0.37,23.52,29.00,25.52,10.52,11.44,303.04,166.67,45.90,55.08,19.32,26.08,58.86,55.92,9.50,114.03,878.33,70.27,64.36,12.87,1.37,24.70,34.44,86.09,2024,dashboard_simple_all_resources
Manufacturas Andinas Integradas Ltda.,Bodega Austral,Los Lagos,2026,5,3085.70,996.48,364.11,1415.00,0.38,23.30,29.00,25.52,10.52,11.66,303.62,166.99,45.09,54.11,19.43,26.23,57.87,54.98,9.52,114.24,899.74,71.98,65.57,13.11,1.37,24.67,35.08,87.70,2024,dashboard_simple_all_resources
Manufacturas Andinas Integradas Ltda.,Bodega Austral,Los Lagos,2026,6,3071.99,986.84,362.49,1401.31,0.38,23.00,29.00,25.52,10.52,11.96,296.83,163.26,43.99,52.79,19.72,26.62,57.51,54.63,9.31,111.69,899.04,71.92,66.77,13.35,1.35,24.25,35.72,89.31,2024,dashboard_simple_all_resources
